post_id,post_title,relation,media_id,media_url,media_file,found_in_media_json
5871,"TP.HCM cụ thể hóa Nghị quyết 57, thúc đẩy khoa học công nghệ trở thành động lực tăng trưởng",featured,5872,https://abi.com.vn/wp-content/uploads/2026/08/NQ57-scaled.jpg,2026/08/NQ57-scaled.jpg,True
5871,"TP.HCM cụ thể hóa Nghị quyết 57, thúc đẩy khoa học công nghệ trở thành động lực tăng trưởng",content,5875,https://abi.com.vn/wp-content/uploads/2026/08/1.webp,2026/08/1.webp,True
5871,"TP.HCM cụ thể hóa Nghị quyết 57, thúc đẩy khoa học công nghệ trở thành động lực tăng trưởng",content,5877,https://abi.com.vn/wp-content/uploads/2026/08/2.webp,2026/08/2.webp,True
5871,"TP.HCM cụ thể hóa Nghị quyết 57, thúc đẩy khoa học công nghệ trở thành động lực tăng trưởng",content,5878,https://abi.com.vn/wp-content/uploads/2026/08/3.webp,2026/08/3.webp,True
5871,"TP.HCM cụ thể hóa Nghị quyết 57, thúc đẩy khoa học công nghệ trở thành động lực tăng trưởng",content,5873,http://abi.com.vn/wp-content/uploads/2026/08/NQ57-1200x800.png,2026/08/NQ57.png,True
5862,"Ban hành Khung chương trình đào tạo, bồi dưỡng về quản trị dữ liệu cho cán bộ, công chức, viên chức",featured,5863,https://abi.com.vn/wp-content/uploads/2026/08/Quan-tri-du-lieu-cho-CB-CCVC-2-scaled.jpg,2026/08/Quan-tri-du-lieu-cho-CB-CCVC-2-scaled.jpg,True
5862,"Ban hành Khung chương trình đào tạo, bồi dưỡng về quản trị dữ liệu cho cán bộ, công chức, viên chức",content,5864,https://abi.com.vn/wp-content/uploads/2026/08/4-1400x409.png,2026/08/4.png,True
5854,"NGHỊ ĐỊNH 268/2026/NĐ-CP VỀ KHUYẾN NÔNG: THÚC ĐẨY ỨNG DỤNG CÔNG NGHỆ, ĐỔI MỚI SÁNG TẠO VÀ CHUYỂN ĐỔI SỐ TRONG NÔNG NGHIỆP",featured,5856,https://abi.com.vn/wp-content/uploads/2026/08/2682026ND-CP-Khuyen-nong-scaled.jpg,2026/08/2682026ND-CP-Khuyen-nong-scaled.jpg,True
5854,"NGHỊ ĐỊNH 268/2026/NĐ-CP VỀ KHUYẾN NÔNG: THÚC ĐẨY ỨNG DỤNG CÔNG NGHỆ, ĐỔI MỚI SÁNG TẠO VÀ CHUYỂN ĐỔI SỐ TRONG NÔNG NGHIỆP",content,,https://abi.com.vn/wp-content/uploads/2026/08/Chi-tiet-2682026ND-CP-Khuyen-nong-1400x700.jpg,,False
5866,Nghị định 314/2026/NĐ-CP: Chính thức quy định hoạt động của sàn dữ liệu,featured,5867,https://abi.com.vn/wp-content/uploads/2026/08/Hoat-dong-san-du-lieu-scaled.jpg,2026/08/Hoat-dong-san-du-lieu-scaled.jpg,True
5866,Nghị định 314/2026/NĐ-CP: Chính thức quy định hoạt động của sàn dữ liệu,content,5868,https://abi.com.vn/wp-content/uploads/2026/08/Image-13_38_42-14-thg-8-2026-1000x800.png,2026/08/Image-13_38_42-14-thg-8-2026.png,True
5844,Giới thiệu Quy trình kỹ thuật trồng hoa lan ứng dụng công nghệ cao trên địa bàn xã Thái Mỹ,featured,5850,https://abi.com.vn/wp-content/uploads/2026/08/1786517688522_1774822579566214975_4578841363431027221_a615f78109d5d6afc30ac3ac2ef0734a.jpg,2026/08/1786517688522_1774822579566214975_4578841363431027221_a615f78109d5d6afc30ac3ac2ef0734a.jpg,True
5844,Giới thiệu Quy trình kỹ thuật trồng hoa lan ứng dụng công nghệ cao trên địa bàn xã Thái Mỹ,content,5845,https://abi.com.vn/wp-content/uploads/2026/08/1786517638716_1774822579566214975_4578841363431027221_db1dfc3629ef3a22709a5ca93fcd162a-1067x800.jpg,2026/08/1786517638716_1774822579566214975_4578841363431027221_db1dfc3629ef3a22709a5ca93fcd162a.jpg,True
5844,Giới thiệu Quy trình kỹ thuật trồng hoa lan ứng dụng công nghệ cao trên địa bàn xã Thái Mỹ,content,5849,https://abi.com.vn/wp-content/uploads/2026/08/1786517651796_1774822579566214975_4578841363431027221_cdee87bc6c58a32e7554ea0b8844b1cc-1067x800.jpg,2026/08/1786517651796_1774822579566214975_4578841363431027221_cdee87bc6c58a32e7554ea0b8844b1cc.jpg,True
5844,Giới thiệu Quy trình kỹ thuật trồng hoa lan ứng dụng công nghệ cao trên địa bàn xã Thái Mỹ,content,5846,https://abi.com.vn/wp-content/uploads/2026/08/1786517646326_1774822579566214975_4578841363431027221_40101a404752b8e50250df7daa862caf-1067x800.jpg,2026/08/1786517646326_1774822579566214975_4578841363431027221_40101a404752b8e50250df7daa862caf.jpg,True
5844,Giới thiệu Quy trình kỹ thuật trồng hoa lan ứng dụng công nghệ cao trên địa bàn xã Thái Mỹ,content,5851,https://abi.com.vn/wp-content/uploads/2026/08/1786517681774_1774822579566214975_4578841363431027221_093c5ee9928944a3efe832dc4ef4f6e3-1067x800.jpg,2026/08/1786517681774_1774822579566214975_4578841363431027221_093c5ee9928944a3efe832dc4ef4f6e3.jpg,True
5859,"TP.HCM đẩy mạnh chuyển đổi số nông nghiệp, ứng dụng IoT, GIS và truy xuất nguồn gốc",featured,5860,https://abi.com.vn/wp-content/uploads/2026/08/Ung-dung-IoT-truy-xuat-nguon-goc.png,2026/08/Ung-dung-IoT-truy-xuat-nguon-goc.png,True
5841,VÒNG SƠ TUYỂN AGRITECH INNOVATION 2026 CHÍNH THỨC BẮT ĐẦU,featured,5842,https://abi.com.vn/wp-content/uploads/2026/08/So-tuyen-Website-scaled.jpg,2026/08/So-tuyen-Website-scaled.jpg,True
5816,CHÚC MỪNG BIOWRAPS ĐẠT TOP 3 CUỘC THI “KIẾN TẠO THƯƠNG HIỆU VIỆT – THE FUTURE BRAND 2026”,featured,5817,https://abi.com.vn/wp-content/uploads/2026/08/1-2.jpg,2026/08/1-2.jpg,True
5816,CHÚC MỪNG BIOWRAPS ĐẠT TOP 3 CUỘC THI “KIẾN TẠO THƯƠNG HIỆU VIỆT – THE FUTURE BRAND 2026”,content,5823,https://abi.com.vn/wp-content/uploads/2026/08/3-1-1200x800.jpg,2026/08/3-1.jpg,True
5816,CHÚC MỪNG BIOWRAPS ĐẠT TOP 3 CUỘC THI “KIẾN TẠO THƯƠNG HIỆU VIỆT – THE FUTURE BRAND 2026”,content,5822,http://abi.com.vn/wp-content/uploads/2026/08/6-1199x800.jpg,2026/08/6.jpg,True
5816,CHÚC MỪNG BIOWRAPS ĐẠT TOP 3 CUỘC THI “KIẾN TẠO THƯƠNG HIỆU VIỆT – THE FUTURE BRAND 2026”,content,5824,https://abi.com.vn/wp-content/uploads/2026/08/4-2-749x800.jpg,2026/08/4-2.jpg,True
5816,CHÚC MỪNG BIOWRAPS ĐẠT TOP 3 CUỘC THI “KIẾN TẠO THƯƠNG HIỆU VIỆT – THE FUTURE BRAND 2026”,content,5821,http://abi.com.vn/wp-content/uploads/2026/08/5-1-600x800.jpg,2026/08/5-1.jpg,True
5827,DỮ LIỆU – NỀN TẢNG THÚC ĐẨY CHUYỂN ĐỔI SỐ VÀ NÂNG CAO HIỆU QUẢ HỖ TRỢ DOANH NGHIỆP,featured,5829,https://abi.com.vn/wp-content/uploads/2026/08/Du-lieu-CDS-scaled.jpg,2026/08/Du-lieu-CDS-scaled.jpg,True
5827,DỮ LIỆU – NỀN TẢNG THÚC ĐẨY CHUYỂN ĐỔI SỐ VÀ NÂNG CAO HIỆU QUẢ HỖ TRỢ DOANH NGHIỆP,content,5828,https://abi.com.vn/wp-content/uploads/2026/08/screenshot-2026-08-08-054656-1039-7180.png.webp,2026/08/screenshot-2026-08-08-054656-1039-7180.png.webp,True
5834,"CHUYỂN ĐỔI SỐ TRONG QUẢN LÝ KHOA HỌC, CÔNG NGHỆ VÀ ĐỔI MỚI SÁNG TẠO: TỪ HỒ SƠ ĐIỆN TỬ ĐẾN QUẢN TRỊ DỰA TRÊN DỮ LIỆU",featured,5839,https://abi.com.vn/wp-content/uploads/2026/08/Chuan-hoa-quy-trinh-quan-ly-nhiem-vu-scaled.jpg,2026/08/Chuan-hoa-quy-trinh-quan-ly-nhiem-vu-scaled.jpg,True
5834,"CHUYỂN ĐỔI SỐ TRONG QUẢN LÝ KHOA HỌC, CÔNG NGHỆ VÀ ĐỔI MỚI SÁNG TẠO: TỪ HỒ SƠ ĐIỆN TỬ ĐẾN QUẢN TRỊ DỰA TRÊN DỮ LIỆU",content,5836,https://abi.com.vn/wp-content/uploads/2026/08/1-3.jpg,2026/08/1-3.jpg,True
5834,"CHUYỂN ĐỔI SỐ TRONG QUẢN LÝ KHOA HỌC, CÔNG NGHỆ VÀ ĐỔI MỚI SÁNG TẠO: TỪ HỒ SƠ ĐIỆN TỬ ĐẾN QUẢN TRỊ DỰA TRÊN DỮ LIỆU",content,5835,https://abi.com.vn/wp-content/uploads/2026/08/2-2.jpg,2026/08/2-2.jpg,True
5834,"CHUYỂN ĐỔI SỐ TRONG QUẢN LÝ KHOA HỌC, CÔNG NGHỆ VÀ ĐỔI MỚI SÁNG TẠO: TỪ HỒ SƠ ĐIỆN TỬ ĐẾN QUẢN TRỊ DỰA TRÊN DỮ LIỆU",content,5837,https://abi.com.vn/wp-content/uploads/2026/08/3-2.jpg,2026/08/3-2.jpg,True
5834,"CHUYỂN ĐỔI SỐ TRONG QUẢN LÝ KHOA HỌC, CÔNG NGHỆ VÀ ĐỔI MỚI SÁNG TẠO: TỪ HỒ SƠ ĐIỆN TỬ ĐẾN QUẢN TRỊ DỰA TRÊN DỮ LIỆU",content,5838,https://abi.com.vn/wp-content/uploads/2026/08/4-3.jpg,2026/08/4-3.jpg,True
5793,"HỘI THẢO “NÂNG CAO NĂNG LỰC ỨNG DỤNG CÔNG NGHỆ SẢN XUẤT, CHẾ BIẾN, BẢO QUẢN NÔNG SẢN PHỤC VỤ PHÁT TRIỂN SẢN PHẨM HÀNG HÓA TRÊN ĐỊA BÀN TỈNH CAO BẰNG”",featured,5806,https://abi.com.vn/wp-content/uploads/2026/08/HT-Cao-Bang-MH-led-385x212-px-1.jpg,2026/08/HT-Cao-Bang-MH-led-385x212-px-1.jpg,True
5793,"HỘI THẢO “NÂNG CAO NĂNG LỰC ỨNG DỤNG CÔNG NGHỆ SẢN XUẤT, CHẾ BIẾN, BẢO QUẢN NÔNG SẢN PHỤC VỤ PHÁT TRIỂN SẢN PHẨM HÀNG HÓA TRÊN ĐỊA BÀN TỈNH CAO BẰNG”",content,5798,https://abi.com.vn/wp-content/uploads/2026/08/image-5.jpg,2026/08/image-5.jpg,True
5793,"HỘI THẢO “NÂNG CAO NĂNG LỰC ỨNG DỤNG CÔNG NGHỆ SẢN XUẤT, CHẾ BIẾN, BẢO QUẢN NÔNG SẢN PHỤC VỤ PHÁT TRIỂN SẢN PHẨM HÀNG HÓA TRÊN ĐỊA BÀN TỈNH CAO BẰNG”",content,5800,https://abi.com.vn/wp-content/uploads/2026/08/image-6.jpg,2026/08/image-6.jpg,True
5793,"HỘI THẢO “NÂNG CAO NĂNG LỰC ỨNG DỤNG CÔNG NGHỆ SẢN XUẤT, CHẾ BIẾN, BẢO QUẢN NÔNG SẢN PHỤC VỤ PHÁT TRIỂN SẢN PHẨM HÀNG HÓA TRÊN ĐỊA BÀN TỈNH CAO BẰNG”",content,5814,https://abi.com.vn/wp-content/uploads/2026/08/1-1-1067x800.jpg,2026/08/1-1.jpg,True
5793,"HỘI THẢO “NÂNG CAO NĂNG LỰC ỨNG DỤNG CÔNG NGHỆ SẢN XUẤT, CHẾ BIẾN, BẢO QUẢN NÔNG SẢN PHỤC VỤ PHÁT TRIỂN SẢN PHẨM HÀNG HÓA TRÊN ĐỊA BÀN TỈNH CAO BẰNG”",content,5796,https://abi.com.vn/wp-content/uploads/2026/08/image-2.jpg,2026/08/image-2.jpg,True
5793,"HỘI THẢO “NÂNG CAO NĂNG LỰC ỨNG DỤNG CÔNG NGHỆ SẢN XUẤT, CHẾ BIẾN, BẢO QUẢN NÔNG SẢN PHỤC VỤ PHÁT TRIỂN SẢN PHẨM HÀNG HÓA TRÊN ĐỊA BÀN TỈNH CAO BẰNG”",content,5794,https://abi.com.vn/wp-content/uploads/2026/08/image.jpg,2026/08/image.jpg,True
5793,"HỘI THẢO “NÂNG CAO NĂNG LỰC ỨNG DỤNG CÔNG NGHỆ SẢN XUẤT, CHẾ BIẾN, BẢO QUẢN NÔNG SẢN PHỤC VỤ PHÁT TRIỂN SẢN PHẨM HÀNG HÓA TRÊN ĐỊA BÀN TỈNH CAO BẰNG”",content,5797,https://abi.com.vn/wp-content/uploads/2026/08/image-3.jpg,2026/08/image-3.jpg,True
5793,"HỘI THẢO “NÂNG CAO NĂNG LỰC ỨNG DỤNG CÔNG NGHỆ SẢN XUẤT, CHẾ BIẾN, BẢO QUẢN NÔNG SẢN PHỤC VỤ PHÁT TRIỂN SẢN PHẨM HÀNG HÓA TRÊN ĐỊA BÀN TỈNH CAO BẰNG”",content,5799,https://abi.com.vn/wp-content/uploads/2026/08/image-4.jpg,2026/08/image-4.jpg,True
5793,"HỘI THẢO “NÂNG CAO NĂNG LỰC ỨNG DỤNG CÔNG NGHỆ SẢN XUẤT, CHẾ BIẾN, BẢO QUẢN NÔNG SẢN PHỤC VỤ PHÁT TRIỂN SẢN PHẨM HÀNG HÓA TRÊN ĐỊA BÀN TỈNH CAO BẰNG”",content,5795,https://abi.com.vn/wp-content/uploads/2026/08/image-1.jpg,2026/08/image-1.jpg,True
5793,"HỘI THẢO “NÂNG CAO NĂNG LỰC ỨNG DỤNG CÔNG NGHỆ SẢN XUẤT, CHẾ BIẾN, BẢO QUẢN NÔNG SẢN PHỤC VỤ PHÁT TRIỂN SẢN PHẨM HÀNG HÓA TRÊN ĐỊA BÀN TỈNH CAO BẰNG”",content,5811,https://abi.com.vn/wp-content/uploads/2026/08/4-1067x800.jpg,2026/08/4.jpg,True
5793,"HỘI THẢO “NÂNG CAO NĂNG LỰC ỨNG DỤNG CÔNG NGHỆ SẢN XUẤT, CHẾ BIẾN, BẢO QUẢN NÔNG SẢN PHỤC VỤ PHÁT TRIỂN SẢN PHẨM HÀNG HÓA TRÊN ĐỊA BÀN TỈNH CAO BẰNG”",content,5807,https://abi.com.vn/wp-content/uploads/2026/08/1786077937367_5059765081593640883_5059765081593640883_4055b726183dc9b934e6cbbb873b774e-1067x800.jpg,2026/08/1786077937367_5059765081593640883_5059765081593640883_4055b726183dc9b934e6cbbb873b774e.jpg,True
5793,"HỘI THẢO “NÂNG CAO NĂNG LỰC ỨNG DỤNG CÔNG NGHỆ SẢN XUẤT, CHẾ BIẾN, BẢO QUẢN NÔNG SẢN PHỤC VỤ PHÁT TRIỂN SẢN PHẨM HÀNG HÓA TRÊN ĐỊA BÀN TỈNH CAO BẰNG”",content,5803,https://abi.com.vn/wp-content/uploads/2026/08/1786077103408_5059765081593640883_5059765081593640883_0e071f89ca3cbfa389051b706ca01c4e-1067x800.jpg,2026/08/1786077103408_5059765081593640883_5059765081593640883_0e071f89ca3cbfa389051b706ca01c4e.jpg,True
5779,"Tập huấn &#8220;Quy trình trồng cà chua bi, dưa leo baby ứng dụng công nghệ cao&#8221; cho bà con nông dân xã Thái Mỹ",featured,5780,https://abi.com.vn/wp-content/uploads/2026/08/1785912073079_1774822579566214975_4578841363431027221_419f60be3d30cc15af07064de799f58b.jpg,2026/08/1785912073079_1774822579566214975_4578841363431027221_419f60be3d30cc15af07064de799f58b.jpg,True
5779,"Tập huấn &#8220;Quy trình trồng cà chua bi, dưa leo baby ứng dụng công nghệ cao&#8221; cho bà con nông dân xã Thái Mỹ",content,5783,https://abi.com.vn/wp-content/uploads/2026/08/image-1067x800.png,2026/08/image.png,True
5779,"Tập huấn &#8220;Quy trình trồng cà chua bi, dưa leo baby ứng dụng công nghệ cao&#8221; cho bà con nông dân xã Thái Mỹ",content,5784,https://abi.com.vn/wp-content/uploads/2026/08/image-1-1067x800.png,2026/08/image-1.png,True
5779,"Tập huấn &#8220;Quy trình trồng cà chua bi, dưa leo baby ứng dụng công nghệ cao&#8221; cho bà con nông dân xã Thái Mỹ",content,5785,https://abi.com.vn/wp-content/uploads/2026/08/image-2-1067x800.png,2026/08/image-2.png,True
5779,"Tập huấn &#8220;Quy trình trồng cà chua bi, dưa leo baby ứng dụng công nghệ cao&#8221; cho bà con nông dân xã Thái Mỹ",content,5782,https://abi.com.vn/wp-content/uploads/2026/08/1785912049022_1774822579566214975_4578841363431027221_efb8a607a318e67ad900f4fbe9ffef80-1067x800.jpg,2026/08/1785912049022_1774822579566214975_4578841363431027221_efb8a607a318e67ad900f4fbe9ffef80.jpg,True
5779,"Tập huấn &#8220;Quy trình trồng cà chua bi, dưa leo baby ứng dụng công nghệ cao&#8221; cho bà con nông dân xã Thái Mỹ",content,5789,https://abi.com.vn/wp-content/uploads/2026/08/1785912164518_1774822579566214975_4578841363431027221_56960bd73f00b0a98c8d01469cadeca7-1067x800.jpg,2026/08/1785912164518_1774822579566214975_4578841363431027221_56960bd73f00b0a98c8d01469cadeca7.jpg,True
5779,"Tập huấn &#8220;Quy trình trồng cà chua bi, dưa leo baby ứng dụng công nghệ cao&#8221; cho bà con nông dân xã Thái Mỹ",content,5790,https://abi.com.vn/wp-content/uploads/2026/08/1785912166242_1774822579566214975_4578841363431027221_dba0554978215f82ee59e164b20f3551-1067x800.jpg,2026/08/1785912166242_1774822579566214975_4578841363431027221_dba0554978215f82ee59e164b20f3551.jpg,True
5779,"Tập huấn &#8220;Quy trình trồng cà chua bi, dưa leo baby ứng dụng công nghệ cao&#8221; cho bà con nông dân xã Thái Mỹ",content,5786,https://abi.com.vn/wp-content/uploads/2026/08/image-3-911x800.png,2026/08/image-3.png,True
5765,Sinh viên Trường Đại học Văn Lang tham quan và tham dự hội thảo chia sẻ kinh nghiệm khởi nghiệp đổi mới sáng tạo tại Trung tâm Ươm tạo Doanh nghiệp Nông nghiệp Công nghệ cao,featured,5766,https://abi.com.vn/wp-content/uploads/2026/07/0-1.jpg,2026/07/0-1.jpg,True
5765,Sinh viên Trường Đại học Văn Lang tham quan và tham dự hội thảo chia sẻ kinh nghiệm khởi nghiệp đổi mới sáng tạo tại Trung tâm Ươm tạo Doanh nghiệp Nông nghiệp Công nghệ cao,content,5767,http://abi.com.vn/wp-content/uploads/2026/07/1-2-1067x800.jpg,2026/07/1-2.jpg,True
5765,Sinh viên Trường Đại học Văn Lang tham quan và tham dự hội thảo chia sẻ kinh nghiệm khởi nghiệp đổi mới sáng tạo tại Trung tâm Ươm tạo Doanh nghiệp Nông nghiệp Công nghệ cao,content,5768,http://abi.com.vn/wp-content/uploads/2026/07/2-2-1067x800.jpg,2026/07/2-2.jpg,True
5765,Sinh viên Trường Đại học Văn Lang tham quan và tham dự hội thảo chia sẻ kinh nghiệm khởi nghiệp đổi mới sáng tạo tại Trung tâm Ươm tạo Doanh nghiệp Nông nghiệp Công nghệ cao,content,5769,http://abi.com.vn/wp-content/uploads/2026/07/3-1067x800.jpg,2026/07/3.jpg,True
5765,Sinh viên Trường Đại học Văn Lang tham quan và tham dự hội thảo chia sẻ kinh nghiệm khởi nghiệp đổi mới sáng tạo tại Trung tâm Ươm tạo Doanh nghiệp Nông nghiệp Công nghệ cao,content,5770,http://abi.com.vn/wp-content/uploads/2026/07/4-1067x800.jpg,2026/07/4.jpg,True
5765,Sinh viên Trường Đại học Văn Lang tham quan và tham dự hội thảo chia sẻ kinh nghiệm khởi nghiệp đổi mới sáng tạo tại Trung tâm Ươm tạo Doanh nghiệp Nông nghiệp Công nghệ cao,content,5771,http://abi.com.vn/wp-content/uploads/2026/07/5-1067x800.jpg,2026/07/5.jpg,True
5765,Sinh viên Trường Đại học Văn Lang tham quan và tham dự hội thảo chia sẻ kinh nghiệm khởi nghiệp đổi mới sáng tạo tại Trung tâm Ươm tạo Doanh nghiệp Nông nghiệp Công nghệ cao,content,5772,http://abi.com.vn/wp-content/uploads/2026/07/6-1067x800.jpg,2026/07/6.jpg,True
5765,Sinh viên Trường Đại học Văn Lang tham quan và tham dự hội thảo chia sẻ kinh nghiệm khởi nghiệp đổi mới sáng tạo tại Trung tâm Ươm tạo Doanh nghiệp Nông nghiệp Công nghệ cao,content,5774,http://abi.com.vn/wp-content/uploads/2026/07/8-1067x800.jpg,2026/07/8.jpg,True
5765,Sinh viên Trường Đại học Văn Lang tham quan và tham dự hội thảo chia sẻ kinh nghiệm khởi nghiệp đổi mới sáng tạo tại Trung tâm Ươm tạo Doanh nghiệp Nông nghiệp Công nghệ cao,content,5775,http://abi.com.vn/wp-content/uploads/2026/07/9-1067x800.jpg,2026/07/9.jpg,True
5765,Sinh viên Trường Đại học Văn Lang tham quan và tham dự hội thảo chia sẻ kinh nghiệm khởi nghiệp đổi mới sáng tạo tại Trung tâm Ươm tạo Doanh nghiệp Nông nghiệp Công nghệ cao,content,5776,http://abi.com.vn/wp-content/uploads/2026/07/10-1067x800.jpg,2026/07/10.jpg,True
5765,Sinh viên Trường Đại học Văn Lang tham quan và tham dự hội thảo chia sẻ kinh nghiệm khởi nghiệp đổi mới sáng tạo tại Trung tâm Ươm tạo Doanh nghiệp Nông nghiệp Công nghệ cao,content,5777,http://abi.com.vn/wp-content/uploads/2026/07/11-1067x800.jpg,2026/07/11.jpg,True
5756,CHIẾN LƯỢC THƯƠNG MẠI ĐIỆN TỬ DÀNH CHO DOANH NGHIỆP,featured,5761,https://abi.com.vn/wp-content/uploads/2026/07/image-34.png,2026/07/image-34.png,True
5756,CHIẾN LƯỢC THƯƠNG MẠI ĐIỆN TỬ DÀNH CHO DOANH NGHIỆP,content,5757,https://abi.com.vn/wp-content/uploads/2026/07/1785391885585_1774822579566214975_4578841363431027221_604b398091637e9f1fc50e07e5cb7986-1067x800.jpg,2026/07/1785391885585_1774822579566214975_4578841363431027221_604b398091637e9f1fc50e07e5cb7986.jpg,True
5756,CHIẾN LƯỢC THƯƠNG MẠI ĐIỆN TỬ DÀNH CHO DOANH NGHIỆP,content,5759,https://abi.com.vn/wp-content/uploads/2026/07/1785391889060_1774822579566214975_4578841363431027221_931ee59bbfdcb64ce7e34963e05c3770-1067x800.jpg,2026/07/1785391889060_1774822579566214975_4578841363431027221_931ee59bbfdcb64ce7e34963e05c3770.jpg,True
5756,CHIẾN LƯỢC THƯƠNG MẠI ĐIỆN TỬ DÀNH CHO DOANH NGHIỆP,content,5760,https://abi.com.vn/wp-content/uploads/2026/07/1785391905718_1774822579566214975_4578841363431027221_68213b55f17dcb9d22f227ecfe33c393-1067x800.jpg,2026/07/1785391905718_1774822579566214975_4578841363431027221_68213b55f17dcb9d22f227ecfe33c393.jpg,True
5756,CHIẾN LƯỢC THƯƠNG MẠI ĐIỆN TỬ DÀNH CHO DOANH NGHIỆP,content,5762,https://abi.com.vn/wp-content/uploads/2026/07/1785391899467_1774822579566214975_4578841363431027221_e44df8f29d2905c1a2c0bc61ae5834db-1067x800.jpg,2026/07/1785391899467_1774822579566214975_4578841363431027221_e44df8f29d2905c1a2c0bc61ae5834db.jpg,True
5756,CHIẾN LƯỢC THƯƠNG MẠI ĐIỆN TỬ DÀNH CHO DOANH NGHIỆP,content,5758,https://abi.com.vn/wp-content/uploads/2026/07/1785391901962_1774822579566214975_4578841363431027221_3e4fb30af468a814fe4a9b1585143c9e-1067x800.jpg,2026/07/1785391901962_1774822579566214975_4578841363431027221_3e4fb30af468a814fe4a9b1585143c9e.jpg,True
5743,Tập huấn &#8220;Quy trình trồng nấm chân dài ứng dụng công nghệ cao&#8221; cho hội viên nông dân xã Xuân Thới Sơn,featured,5752,https://abi.com.vn/wp-content/uploads/2026/07/image-33.png,2026/07/image-33.png,True
5743,Tập huấn &#8220;Quy trình trồng nấm chân dài ứng dụng công nghệ cao&#8221; cho hội viên nông dân xã Xuân Thới Sơn,content,5745,https://abi.com.vn/wp-content/uploads/2026/07/image-27-1067x800.png,2026/07/image-27.png,True
5743,Tập huấn &#8220;Quy trình trồng nấm chân dài ứng dụng công nghệ cao&#8221; cho hội viên nông dân xã Xuân Thới Sơn,content,5746,https://abi.com.vn/wp-content/uploads/2026/07/image-28-1067x800.png,2026/07/image-28.png,True
5743,Tập huấn &#8220;Quy trình trồng nấm chân dài ứng dụng công nghệ cao&#8221; cho hội viên nông dân xã Xuân Thới Sơn,content,5750,https://abi.com.vn/wp-content/uploads/2026/07/image-32-1067x800.png,2026/07/image-32.png,True
5743,Tập huấn &#8220;Quy trình trồng nấm chân dài ứng dụng công nghệ cao&#8221; cho hội viên nông dân xã Xuân Thới Sơn,content,5749,https://abi.com.vn/wp-content/uploads/2026/07/image-31-1067x800.png,2026/07/image-31.png,True
5743,Tập huấn &#8220;Quy trình trồng nấm chân dài ứng dụng công nghệ cao&#8221; cho hội viên nông dân xã Xuân Thới Sơn,content,5747,https://abi.com.vn/wp-content/uploads/2026/07/image-29-1067x800.png,2026/07/image-29.png,True
5743,Tập huấn &#8220;Quy trình trồng nấm chân dài ứng dụng công nghệ cao&#8221; cho hội viên nông dân xã Xuân Thới Sơn,content,5751,https://abi.com.vn/wp-content/uploads/2026/07/1785212166496_1774822579566214975_4578841363431027221_e4cfe65b057c92be1a05e1bf71ce3a7a-1067x800.jpg,2026/07/1785212166496_1774822579566214975_4578841363431027221_e4cfe65b057c92be1a05e1bf71ce3a7a.jpg,True
5743,Tập huấn &#8220;Quy trình trồng nấm chân dài ứng dụng công nghệ cao&#8221; cho hội viên nông dân xã Xuân Thới Sơn,content,5748,https://abi.com.vn/wp-content/uploads/2026/07/image-30-1067x800.png,2026/07/image-30.png,True
5718,Tập huấn “Quy trình kỹ thuật trồng rau ăn lá ứng dụng công nghệ cao” cho hội viên Hội Nông dân xã Phú Hòa Đông,featured,5728,https://abi.com.vn/wp-content/uploads/2026/07/1784875587447_1774822579566214975_4578841363431027221_10f65cced5e5fb0e9bfdc70b49f552d9.jpg,2026/07/1784875587447_1774822579566214975_4578841363431027221_10f65cced5e5fb0e9bfdc70b49f552d9.jpg,True
5718,Tập huấn “Quy trình kỹ thuật trồng rau ăn lá ứng dụng công nghệ cao” cho hội viên Hội Nông dân xã Phú Hòa Đông,content,5721,https://abi.com.vn/wp-content/uploads/2026/07/1784875561333_1774822579566214975_4578841363431027221_2c80c651b443f1ea35a05fc4e6cd8a9e-1068x800.jpg,2026/07/1784875561333_1774822579566214975_4578841363431027221_2c80c651b443f1ea35a05fc4e6cd8a9e.jpg,True
5718,Tập huấn “Quy trình kỹ thuật trồng rau ăn lá ứng dụng công nghệ cao” cho hội viên Hội Nông dân xã Phú Hòa Đông,content,5720,https://abi.com.vn/wp-content/uploads/2026/07/1784875563919_1774822579566214975_4578841363431027221_2097bba951bab2cca35ddd71751e8380-1068x800.jpg,2026/07/1784875563919_1774822579566214975_4578841363431027221_2097bba951bab2cca35ddd71751e8380.jpg,True
5718,Tập huấn “Quy trình kỹ thuật trồng rau ăn lá ứng dụng công nghệ cao” cho hội viên Hội Nông dân xã Phú Hòa Đông,content,5723,https://abi.com.vn/wp-content/uploads/2026/07/1784875553109_1774822579566214975_4578841363431027221_3309d415063f24a42f015dc116c5e7c3-1067x800.jpg,2026/07/1784875553109_1774822579566214975_4578841363431027221_3309d415063f24a42f015dc116c5e7c3.jpg,True
5718,Tập huấn “Quy trình kỹ thuật trồng rau ăn lá ứng dụng công nghệ cao” cho hội viên Hội Nông dân xã Phú Hòa Đông,content,5724,https://abi.com.vn/wp-content/uploads/2026/07/1784875547633_1774822579566214975_4578841363431027221_a1b84d0aef9cfacf9803ed56261cf230-1067x800.jpg,2026/07/1784875547633_1774822579566214975_4578841363431027221_a1b84d0aef9cfacf9803ed56261cf230.jpg,True
5730,AHBI phối hợp tổ chức sự kiện hợp tác công nghệ về quy trình nuôi trồng nấm Milky,featured,5731,https://abi.com.vn/wp-content/uploads/2026/07/0.jpg,2026/07/0.jpg,True
5730,AHBI phối hợp tổ chức sự kiện hợp tác công nghệ về quy trình nuôi trồng nấm Milky,content,5740,http://abi.com.vn/wp-content/uploads/2026/07/755809778_1064504202772936_4069917060381678755_n-1.jpg,2026/07/755809778_1064504202772936_4069917060381678755_n-1.jpg,True
5730,AHBI phối hợp tổ chức sự kiện hợp tác công nghệ về quy trình nuôi trồng nấm Milky,content,5732,http://abi.com.vn/wp-content/uploads/2026/07/750870921_875403368622284_4616408659021280801_n.jpg,2026/07/750870921_875403368622284_4616408659021280801_n.jpg,True
5730,AHBI phối hợp tổ chức sự kiện hợp tác công nghệ về quy trình nuôi trồng nấm Milky,content,5734,http://abi.com.vn/wp-content/uploads/2026/07/752538760_863447573259848_4220458504284489230_n.jpg,2026/07/752538760_863447573259848_4220458504284489230_n.jpg,True
5730,AHBI phối hợp tổ chức sự kiện hợp tác công nghệ về quy trình nuôi trồng nấm Milky,content,5739,http://abi.com.vn/wp-content/uploads/2026/07/756343974_910356791457326_892524145697269450_n.jpg,2026/07/756343974_910356791457326_892524145697269450_n.jpg,True
5730,AHBI phối hợp tổ chức sự kiện hợp tác công nghệ về quy trình nuôi trồng nấm Milky,content,5733,http://abi.com.vn/wp-content/uploads/2026/07/751241820_28109073385397125_2279645007742730402_n-1023x800.jpg,2026/07/751241820_28109073385397125_2279645007742730402_n.jpg,True
5707,TRAO QUYỀN CHO STARTUP GIẢI QUYẾT CÁC THÁCH THỨC ĐÔ THỊ THỰC TIỄN TRÊN KHẮP ĐÔNG NAM Á,featured,5708,https://abi.com.vn/wp-content/uploads/2026/07/slide-1.png,2026/07/slide-1.png,True
5707,TRAO QUYỀN CHO STARTUP GIẢI QUYẾT CÁC THÁCH THỨC ĐÔ THỊ THỰC TIỄN TRÊN KHẮP ĐÔNG NAM Á,content,5709,https://abi.com.vn/wp-content/uploads/2026/07/slide-2-640x800.png,2026/07/slide-2.png,True
5707,TRAO QUYỀN CHO STARTUP GIẢI QUYẾT CÁC THÁCH THỨC ĐÔ THỊ THỰC TIỄN TRÊN KHẮP ĐÔNG NAM Á,content,5710,https://abi.com.vn/wp-content/uploads/2026/07/slide-3-640x800.png,2026/07/slide-3.png,True
5707,TRAO QUYỀN CHO STARTUP GIẢI QUYẾT CÁC THÁCH THỨC ĐÔ THỊ THỰC TIỄN TRÊN KHẮP ĐÔNG NAM Á,content,5711,https://abi.com.vn/wp-content/uploads/2026/07/slide-4-640x800.png,2026/07/slide-4.png,True
5707,TRAO QUYỀN CHO STARTUP GIẢI QUYẾT CÁC THÁCH THỨC ĐÔ THỊ THỰC TIỄN TRÊN KHẮP ĐÔNG NAM Á,content,5712,https://abi.com.vn/wp-content/uploads/2026/07/slide-5-640x800.png,2026/07/slide-5.png,True
5688,Khép lại khóa “THỰC CHIẾN LIVESTREAM BÁN HÀNG ĐA NỀN TẢNG: TIKTOK SHOP – FACEBOOK – SHOPEE LIVE”: Nâng cao năng lực bán hàng số cho doanh nghiệp,featured,5689,https://abi.com.vn/wp-content/uploads/2026/07/1784715878476_1909349128000292201_1909349128000292201_a043fad0a5aea466e158fbf0f04b3448.jpg,2026/07/1784715878476_1909349128000292201_1909349128000292201_a043fad0a5aea466e158fbf0f04b3448.jpg,True
5688,Khép lại khóa “THỰC CHIẾN LIVESTREAM BÁN HÀNG ĐA NỀN TẢNG: TIKTOK SHOP – FACEBOOK – SHOPEE LIVE”: Nâng cao năng lực bán hàng số cho doanh nghiệp,content,5690,https://abi.com.vn/wp-content/uploads/2026/07/1784715878887_1909349128000292201_1909349128000292201_1bbf79148c9ca87f551eff5c15e9885c-1067x800.jpg,2026/07/1784715878887_1909349128000292201_1909349128000292201_1bbf79148c9ca87f551eff5c15e9885c.jpg,True
5688,Khép lại khóa “THỰC CHIẾN LIVESTREAM BÁN HÀNG ĐA NỀN TẢNG: TIKTOK SHOP – FACEBOOK – SHOPEE LIVE”: Nâng cao năng lực bán hàng số cho doanh nghiệp,content,5695,https://abi.com.vn/wp-content/uploads/2026/07/1784716762520_1487683047867584947_1909349128000292201_f8499efc106a9d4f4f4824b66fb2e512-1.jpg,2026/07/1784716762520_1487683047867584947_1909349128000292201_f8499efc106a9d4f4f4824b66fb2e512-1.jpg,True
5688,Khép lại khóa “THỰC CHIẾN LIVESTREAM BÁN HÀNG ĐA NỀN TẢNG: TIKTOK SHOP – FACEBOOK – SHOPEE LIVE”: Nâng cao năng lực bán hàng số cho doanh nghiệp,content,5693,https://abi.com.vn/wp-content/uploads/2026/07/1784716725631_1487683047867584947_1909349128000292201_624d8534318a29ace2943c8ea2142d17-1.jpg,2026/07/1784716725631_1487683047867584947_1909349128000292201_624d8534318a29ace2943c8ea2142d17-1.jpg,True
5699,ỨNG DỤNG TRUY XUẤT NGUỒN GỐC TRONG SẢN XUẤT VÀ KINH DOANH SẢN PHẨM NÔNG NGHIỆP,featured,5705,https://abi.com.vn/wp-content/uploads/2026/07/1784705244154_1774822579566214975_4578841363431027221_bd3d85c559dabf3a3cb068d78b5700fc.jpg,2026/07/1784705244154_1774822579566214975_4578841363431027221_bd3d85c559dabf3a3cb068d78b5700fc.jpg,True
5699,ỨNG DỤNG TRUY XUẤT NGUỒN GỐC TRONG SẢN XUẤT VÀ KINH DOANH SẢN PHẨM NÔNG NGHIỆP,content,5701,https://abi.com.vn/wp-content/uploads/2026/07/1784684712250_5383554764172081704_5383554764172081704_7810b955595a1be0719c67b078f9ebdb-1068x800.jpg,2026/07/1784684712250_5383554764172081704_5383554764172081704_7810b955595a1be0719c67b078f9ebdb.jpg,True
5699,ỨNG DỤNG TRUY XUẤT NGUỒN GỐC TRONG SẢN XUẤT VÀ KINH DOANH SẢN PHẨM NÔNG NGHIỆP,content,5702,https://abi.com.vn/wp-content/uploads/2026/07/1784684712388_5383554764172081704_5383554764172081704_cd21c07b73555f16d08932535bec9348-1068x800.jpg,2026/07/1784684712388_5383554764172081704_5383554764172081704_cd21c07b73555f16d08932535bec9348.jpg,True
5699,ỨNG DỤNG TRUY XUẤT NGUỒN GỐC TRONG SẢN XUẤT VÀ KINH DOANH SẢN PHẨM NÔNG NGHIỆP,content,5703,https://abi.com.vn/wp-content/uploads/2026/07/1784705232530_1774822579566214975_4578841363431027221_09134e4ae6d639ce3a7c682af57ea732-1067x800.jpg,2026/07/1784705232530_1774822579566214975_4578841363431027221_09134e4ae6d639ce3a7c682af57ea732.jpg,True
5699,ỨNG DỤNG TRUY XUẤT NGUỒN GỐC TRONG SẢN XUẤT VÀ KINH DOANH SẢN PHẨM NÔNG NGHIỆP,content,5704,https://abi.com.vn/wp-content/uploads/2026/07/1784684712067_5383554764172081704_5383554764172081704_be3a724dfae222aa308a12b959ab6d2b-1068x800.jpg,2026/07/1784684712067_5383554764172081704_5383554764172081704_be3a724dfae222aa308a12b959ab6d2b.jpg,True
5683,KHÓA ĐÀO TẠO: THỰC CHIẾN LIVESTREAM BÁN HÀNG ĐA NỀN TẢNG: TIKTOK SHOP – FACEBOOK – SHOPEE LIVE,featured,5684,https://abi.com.vn/wp-content/uploads/2026/07/1784111206065_1487683047867584947_3000097952453864372_f40668b35aaf66e5f1438b2d540d9ed3.jpg,2026/07/1784111206065_1487683047867584947_3000097952453864372_f40668b35aaf66e5f1438b2d540d9ed3.jpg,True
5665,Khóa học &#8220;Winning Pitch&#8221; – Nâng cao kỹ năng thuyết trình gọi vốn cho startup,featured,5672,https://abi.com.vn/wp-content/uploads/2026/07/Nen-website-lop-hoc-scaled.png,2026/07/Nen-website-lop-hoc-scaled.png,True
5665,Khóa học &#8220;Winning Pitch&#8221; – Nâng cao kỹ năng thuyết trình gọi vốn cho startup,content,,https://abi.com.vn/wp-content/uploads/2026/07/1-1-1400x683.jpg,,False
5665,Khóa học &#8220;Winning Pitch&#8221; – Nâng cao kỹ năng thuyết trình gọi vốn cho startup,content,5668,https://abi.com.vn/wp-content/uploads/2026/07/2-1-1400x751.jpg,2026/07/2-1.jpg,True
5639,Tổ chức 02 lớp tập huấn về kỹ thuật sản xuất rau an toàn ứng dụng công nghệ cao và sản xuất rau theo hướng hữu cơ,featured,5643,https://abi.com.vn/wp-content/uploads/2026/07/image-18.png,2026/07/image-18.png,True
5639,Tổ chức 02 lớp tập huấn về kỹ thuật sản xuất rau an toàn ứng dụng công nghệ cao và sản xuất rau theo hướng hữu cơ,content,5642,https://abi.com.vn/wp-content/uploads/2026/07/image-17-1067x800.png,2026/07/image-17.png,True
5639,Tổ chức 02 lớp tập huấn về kỹ thuật sản xuất rau an toàn ứng dụng công nghệ cao và sản xuất rau theo hướng hữu cơ,content,5641,https://abi.com.vn/wp-content/uploads/2026/07/image-16-1067x800.png,2026/07/image-16.png,True
5639,Tổ chức 02 lớp tập huấn về kỹ thuật sản xuất rau an toàn ứng dụng công nghệ cao và sản xuất rau theo hướng hữu cơ,content,5644,https://abi.com.vn/wp-content/uploads/2026/07/image-19-1067x800.png,2026/07/image-19.png,True
5639,Tổ chức 02 lớp tập huấn về kỹ thuật sản xuất rau an toàn ứng dụng công nghệ cao và sản xuất rau theo hướng hữu cơ,content,5645,https://abi.com.vn/wp-content/uploads/2026/07/image-20-1067x800.png,2026/07/image-20.png,True
5639,Tổ chức 02 lớp tập huấn về kỹ thuật sản xuất rau an toàn ứng dụng công nghệ cao và sản xuất rau theo hướng hữu cơ,content,5646,https://abi.com.vn/wp-content/uploads/2026/07/image-21-1078x800.png,2026/07/image-21.png,True
5639,Tổ chức 02 lớp tập huấn về kỹ thuật sản xuất rau an toàn ứng dụng công nghệ cao và sản xuất rau theo hướng hữu cơ,content,5648,https://abi.com.vn/wp-content/uploads/2026/07/image-23-1067x800.png,2026/07/image-23.png,True
5639,Tổ chức 02 lớp tập huấn về kỹ thuật sản xuất rau an toàn ứng dụng công nghệ cao và sản xuất rau theo hướng hữu cơ,content,5649,https://abi.com.vn/wp-content/uploads/2026/07/image-24-1067x800.png,2026/07/image-24.png,True
5639,Tổ chức 02 lớp tập huấn về kỹ thuật sản xuất rau an toàn ứng dụng công nghệ cao và sản xuất rau theo hướng hữu cơ,content,5650,https://abi.com.vn/wp-content/uploads/2026/07/image-25-1067x800.png,2026/07/image-25.png,True
5629,Tổ chức 02 lớp tập huấn về sản xuất rau an toàn theo tiêu chuẩn VietGAP&amp;IPM và trồng rau thủy canh ứng dụng công nghệ cao tại xã Hóc Môn,featured,5636,https://abi.com.vn/wp-content/uploads/2026/07/image-13.png,2026/07/image-13.png,True
5629,Tổ chức 02 lớp tập huấn về sản xuất rau an toàn theo tiêu chuẩn VietGAP&amp;IPM và trồng rau thủy canh ứng dụng công nghệ cao tại xã Hóc Môn,content,5630,https://abi.com.vn/wp-content/uploads/2026/07/image-7-1006x800.png,2026/07/image-7.png,True
5629,Tổ chức 02 lớp tập huấn về sản xuất rau an toàn theo tiêu chuẩn VietGAP&amp;IPM và trồng rau thủy canh ứng dụng công nghệ cao tại xã Hóc Môn,content,5631,https://abi.com.vn/wp-content/uploads/2026/07/image-8-1067x800.png,2026/07/image-8.png,True
5629,Tổ chức 02 lớp tập huấn về sản xuất rau an toàn theo tiêu chuẩn VietGAP&amp;IPM và trồng rau thủy canh ứng dụng công nghệ cao tại xã Hóc Môn,content,5634,https://abi.com.vn/wp-content/uploads/2026/07/image-11-1072x800.png,2026/07/image-11.png,True
5629,Tổ chức 02 lớp tập huấn về sản xuất rau an toàn theo tiêu chuẩn VietGAP&amp;IPM và trồng rau thủy canh ứng dụng công nghệ cao tại xã Hóc Môn,content,5635,https://abi.com.vn/wp-content/uploads/2026/07/image-12-1067x800.png,2026/07/image-12.png,True
5629,Tổ chức 02 lớp tập huấn về sản xuất rau an toàn theo tiêu chuẩn VietGAP&amp;IPM và trồng rau thủy canh ứng dụng công nghệ cao tại xã Hóc Môn,content,5632,https://abi.com.vn/wp-content/uploads/2026/07/image-9-1067x800.png,2026/07/image-9.png,True
5629,Tổ chức 02 lớp tập huấn về sản xuất rau an toàn theo tiêu chuẩn VietGAP&amp;IPM và trồng rau thủy canh ứng dụng công nghệ cao tại xã Hóc Môn,content,5633,https://abi.com.vn/wp-content/uploads/2026/07/image-10-1067x800.png,2026/07/image-10.png,True
5629,Tổ chức 02 lớp tập huấn về sản xuất rau an toàn theo tiêu chuẩn VietGAP&amp;IPM và trồng rau thủy canh ứng dụng công nghệ cao tại xã Hóc Môn,content,5637,https://abi.com.vn/wp-content/uploads/2026/07/image-14-1043x800.png,2026/07/image-14.png,True
5675,AHBI THAM DỰ LỄ KHỞI ĐỘNG CHƯƠNG TRÌNH FUTUREGEN FOR CHANGE 2.0 – THÚC ĐẨY ĐỔI MỚI SÁNG TẠO VÌ PHÁT TRIỂN ĐÔ THỊ BỀN VỮNG,featured,5680,https://abi.com.vn/wp-content/uploads/2026/07/1784004068238_3610306039307601932_3610306039307601932_d886920eec695ae3f0ed0e1f03955c18.jpg,2026/07/1784004068238_3610306039307601932_3610306039307601932_d886920eec695ae3f0ed0e1f03955c18.jpg,True
5675,AHBI THAM DỰ LỄ KHỞI ĐỘNG CHƯƠNG TRÌNH FUTUREGEN FOR CHANGE 2.0 – THÚC ĐẨY ĐỔI MỚI SÁNG TẠO VÌ PHÁT TRIỂN ĐÔ THỊ BỀN VỮNG,content,5676,https://abi.com.vn/wp-content/uploads/2026/07/1784004067263_3610306039307601932_3610306039307601932_cf6a9ab27af9120884421f249e577248-1400x718.jpg,2026/07/1784004067263_3610306039307601932_3610306039307601932_cf6a9ab27af9120884421f249e577248.jpg,True
5675,AHBI THAM DỰ LỄ KHỞI ĐỘNG CHƯƠNG TRÌNH FUTUREGEN FOR CHANGE 2.0 – THÚC ĐẨY ĐỔI MỚI SÁNG TẠO VÌ PHÁT TRIỂN ĐÔ THỊ BỀN VỮNG,content,5677,https://abi.com.vn/wp-content/uploads/2026/07/1784004069638_3610306039307601932_3610306039307601932_e7944f5b629b6d6c3ba9b208f72248d0-1352x800.jpg,2026/07/1784004069638_3610306039307601932_3610306039307601932_e7944f5b629b6d6c3ba9b208f72248d0.jpg,True
5675,AHBI THAM DỰ LỄ KHỞI ĐỘNG CHƯƠNG TRÌNH FUTUREGEN FOR CHANGE 2.0 – THÚC ĐẨY ĐỔI MỚI SÁNG TẠO VÌ PHÁT TRIỂN ĐÔ THỊ BỀN VỮNG,content,5678,https://abi.com.vn/wp-content/uploads/2026/07/1784004068933_3610306039307601932_3610306039307601932_ef65997ef75829a329dfc1db53a1eacd-1400x727.jpg,2026/07/1784004068933_3610306039307601932_3610306039307601932_ef65997ef75829a329dfc1db53a1eacd.jpg,True
5675,AHBI THAM DỰ LỄ KHỞI ĐỘNG CHƯƠNG TRÌNH FUTUREGEN FOR CHANGE 2.0 – THÚC ĐẨY ĐỔI MỚI SÁNG TẠO VÌ PHÁT TRIỂN ĐÔ THỊ BỀN VỮNG,content,5679,https://abi.com.vn/wp-content/uploads/2026/07/1784004070616_3610306039307601932_3610306039307601932_356e2bad231ebea233260e248ad3b751-1191x800.jpg,2026/07/1784004070616_3610306039307601932_3610306039307601932_356e2bad231ebea233260e248ad3b751.jpg,True
5619,AGRITECH INNOVATION 2026 &#8211; &#8220;Nông nghiệp tuần hoàn – Kiến tạo tương lai xanh&#8221;,featured,5620,https://abi.com.vn/wp-content/uploads/2026/07/Poster-truyen-thong-scaled.jpg,2026/07/Poster-truyen-thong-scaled.jpg,True
5661,Khóa học &#8220;Fundraising Fundamentals&#8221; – Trang bị nền tảng gọi vốn cho doanh nghiệp khởi nghiệp nông nghiệp công nghệ cao,featured,5673,https://abi.com.vn/wp-content/uploads/2026/07/Nen-website-lop-hoc-1.png,2026/07/Nen-website-lop-hoc-1.png,True
5661,Khóa học &#8220;Fundraising Fundamentals&#8221; – Trang bị nền tảng gọi vốn cho doanh nghiệp khởi nghiệp nông nghiệp công nghệ cao,content,,https://abi.com.vn/wp-content/uploads/2026/07/20260705_101238-1400x788.jpg,,False
5661,Khóa học &#8220;Fundraising Fundamentals&#8221; – Trang bị nền tảng gọi vốn cho doanh nghiệp khởi nghiệp nông nghiệp công nghệ cao,content,,https://abi.com.vn/wp-content/uploads/2026/07/20260705_091717-1400x788.jpg,,False
5589,"Tập huấn Quy trình sản xuất rau ăn quả và trồng hoa kiểng ứng dụng công nghệ cao cho Hội nông dân xã Nhuận Đức, Thành phố Hồ Chí Minh",featured,5596,https://abi.com.vn/wp-content/uploads/2026/07/z8005894214021_b0b5d45c693eddaf5617a2c701afd77f.jpg,2026/07/z8005894214021_b0b5d45c693eddaf5617a2c701afd77f.jpg,True
5589,"Tập huấn Quy trình sản xuất rau ăn quả và trồng hoa kiểng ứng dụng công nghệ cao cho Hội nông dân xã Nhuận Đức, Thành phố Hồ Chí Minh",content,5590,https://abi.com.vn/wp-content/uploads/2026/07/image-1067x800.png,2026/07/image.png,True
5589,"Tập huấn Quy trình sản xuất rau ăn quả và trồng hoa kiểng ứng dụng công nghệ cao cho Hội nông dân xã Nhuận Đức, Thành phố Hồ Chí Minh",content,5615,https://abi.com.vn/wp-content/uploads/2026/07/image-6-1068x800.png,2026/07/image-6.png,True
5589,"Tập huấn Quy trình sản xuất rau ăn quả và trồng hoa kiểng ứng dụng công nghệ cao cho Hội nông dân xã Nhuận Đức, Thành phố Hồ Chí Minh",content,5592,https://abi.com.vn/wp-content/uploads/2026/07/z8005865723041_b63044c9efae0e115dc0ae4dcba0e89f-1067x800.jpg,2026/07/z8005865723041_b63044c9efae0e115dc0ae4dcba0e89f.jpg,True
5589,"Tập huấn Quy trình sản xuất rau ăn quả và trồng hoa kiểng ứng dụng công nghệ cao cho Hội nông dân xã Nhuận Đức, Thành phố Hồ Chí Minh",content,5593,https://abi.com.vn/wp-content/uploads/2026/07/z8005880440638_8cf843d3964106b4833610d4b078ef76-1067x800.jpg,2026/07/z8005880440638_8cf843d3964106b4833610d4b078ef76.jpg,True
5589,"Tập huấn Quy trình sản xuất rau ăn quả và trồng hoa kiểng ứng dụng công nghệ cao cho Hội nông dân xã Nhuận Đức, Thành phố Hồ Chí Minh",content,5606,https://abi.com.vn/wp-content/uploads/2026/07/image-1-1199x800.png,2026/07/image-1.png,True
5589,"Tập huấn Quy trình sản xuất rau ăn quả và trồng hoa kiểng ứng dụng công nghệ cao cho Hội nông dân xã Nhuận Đức, Thành phố Hồ Chí Minh",content,5609,https://abi.com.vn/wp-content/uploads/2026/07/image-2-1067x800.png,2026/07/image-2.png,True
5589,"Tập huấn Quy trình sản xuất rau ăn quả và trồng hoa kiểng ứng dụng công nghệ cao cho Hội nông dân xã Nhuận Đức, Thành phố Hồ Chí Minh",content,5611,https://abi.com.vn/wp-content/uploads/2026/07/image-4-1067x800.png,2026/07/image-4.png,True
5589,"Tập huấn Quy trình sản xuất rau ăn quả và trồng hoa kiểng ứng dụng công nghệ cao cho Hội nông dân xã Nhuận Đức, Thành phố Hồ Chí Minh",content,5613,https://abi.com.vn/wp-content/uploads/2026/07/image-5-1200x800.png,2026/07/image-5.png,True
5589,"Tập huấn Quy trình sản xuất rau ăn quả và trồng hoa kiểng ứng dụng công nghệ cao cho Hội nông dân xã Nhuận Đức, Thành phố Hồ Chí Minh",content,5601,https://abi.com.vn/wp-content/uploads/2026/07/z8005929110747_d8707e5470bb78e02aa11e84e38af636-1067x800.jpg,2026/07/z8005929110747_d8707e5470bb78e02aa11e84e38af636.jpg,True
5589,"Tập huấn Quy trình sản xuất rau ăn quả và trồng hoa kiểng ứng dụng công nghệ cao cho Hội nông dân xã Nhuận Đức, Thành phố Hồ Chí Minh",content,5602,https://abi.com.vn/wp-content/uploads/2026/07/z8005932351500_5000e0645c8c6b7e95879ec8a637b812-1067x800.jpg,2026/07/z8005932351500_5000e0645c8c6b7e95879ec8a637b812.jpg,True
5586,"THÔNG BÁO V/v mời các tổ chức, doanh nghiệp tham gia tuyển chọn thực hiện nhiệm vụ khoa học và công nghệ",content,5587,https://abi.com.vn/wp-content/uploads/2026/07/241.TTUT_.KHTH_.pdf,,True
5652,Khóa học &#8220;Sở hữu trí tuệ với dự án khởi nghiệp và đổi mới sáng tạo&#8221; – Nâng cao năng lực bảo hộ và khai thác tài sản trí tuệ cho doanh nghiệp,featured,5674,https://abi.com.vn/wp-content/uploads/2026/06/nen.png,2026/06/nen.png,True
5652,Khóa học &#8220;Sở hữu trí tuệ với dự án khởi nghiệp và đổi mới sáng tạo&#8221; – Nâng cao năng lực bảo hộ và khai thác tài sản trí tuệ cho doanh nghiệp,content,,https://abi.com.vn/wp-content/uploads/2026/07/20260621_084138-1400x730.jpg,,False
5652,Khóa học &#8220;Sở hữu trí tuệ với dự án khởi nghiệp và đổi mới sáng tạo&#8221; – Nâng cao năng lực bảo hộ và khai thác tài sản trí tuệ cho doanh nghiệp,content,5656,https://abi.com.vn/wp-content/uploads/2026/07/1782010406451_8336208016988365734_8336208016988365734_b2f41b998767434e0b75e15f28f54b5e-1067x800.jpg,2026/07/1782010406451_8336208016988365734_8336208016988365734_b2f41b998767434e0b75e15f28f54b5e.jpg,True
5577,AGRITECH INNOVATION 2026 – TỪ GIẢNG ĐƯỜNG KỸ THUẬT ĐẾN HÀNH TRÌNH KHỞI NGHIỆP NÔNG NGHIỆP CÔNG NGHỆ CAO,featured,5580,https://abi.com.vn/wp-content/uploads/2026/06/3.jpg,2026/06/3.jpg,True
5577,AGRITECH INNOVATION 2026 – TỪ GIẢNG ĐƯỜNG KỸ THUẬT ĐẾN HÀNH TRÌNH KHỞI NGHIỆP NÔNG NGHIỆP CÔNG NGHỆ CAO,content,5578,https://abi.com.vn/wp-content/uploads/2026/06/1.jpg,2026/06/1.jpg,True
5577,AGRITECH INNOVATION 2026 – TỪ GIẢNG ĐƯỜNG KỸ THUẬT ĐẾN HÀNH TRÌNH KHỞI NGHIỆP NÔNG NGHIỆP CÔNG NGHỆ CAO,content,5579,https://abi.com.vn/wp-content/uploads/2026/06/2.jpg,2026/06/2.jpg,True
5577,AGRITECH INNOVATION 2026 – TỪ GIẢNG ĐƯỜNG KỸ THUẬT ĐẾN HÀNH TRÌNH KHỞI NGHIỆP NÔNG NGHIỆP CÔNG NGHỆ CAO,content,5580,https://abi.com.vn/wp-content/uploads/2026/06/3-1360x800.jpg,2026/06/3.jpg,True
5577,AGRITECH INNOVATION 2026 – TỪ GIẢNG ĐƯỜNG KỸ THUẬT ĐẾN HÀNH TRÌNH KHỞI NGHIỆP NÔNG NGHIỆP CÔNG NGHỆ CAO,content,5581,https://abi.com.vn/wp-content/uploads/2026/06/4-1400x787.jpg,2026/06/4.jpg,True
5567,THÀNH PHỐ HỒ CHÍ MINH MỞ ĐƯỜNG CHO THẾ HỆ STARTUP NÔNG NGHIỆP CÔNG NGHỆ CAO 2026,featured,5573,https://abi.com.vn/wp-content/uploads/2026/05/Picture6.jpg,2026/05/Picture6.jpg,True
5567,THÀNH PHỐ HỒ CHÍ MINH MỞ ĐƯỜNG CHO THẾ HỆ STARTUP NÔNG NGHIỆP CÔNG NGHỆ CAO 2026,content,5568,https://abi.com.vn/wp-content/uploads/2026/05/Picture1-1-1228x800.jpg,2026/05/Picture1-1.jpg,True
5567,THÀNH PHỐ HỒ CHÍ MINH MỞ ĐƯỜNG CHO THẾ HỆ STARTUP NÔNG NGHIỆP CÔNG NGHỆ CAO 2026,content,5569,https://abi.com.vn/wp-content/uploads/2026/05/Picture2-1-1400x747.jpg,2026/05/Picture2-1.jpg,True
5567,THÀNH PHỐ HỒ CHÍ MINH MỞ ĐƯỜNG CHO THẾ HỆ STARTUP NÔNG NGHIỆP CÔNG NGHỆ CAO 2026,content,5570,https://abi.com.vn/wp-content/uploads/2026/05/Picture3-1-1400x673.jpg,2026/05/Picture3-1.jpg,True
5567,THÀNH PHỐ HỒ CHÍ MINH MỞ ĐƯỜNG CHO THẾ HỆ STARTUP NÔNG NGHIỆP CÔNG NGHỆ CAO 2026,content,5571,https://abi.com.vn/wp-content/uploads/2026/05/Picture4-1-1292x800.jpg,2026/05/Picture4-1.jpg,True
5567,THÀNH PHỐ HỒ CHÍ MINH MỞ ĐƯỜNG CHO THẾ HỆ STARTUP NÔNG NGHIỆP CÔNG NGHỆ CAO 2026,content,5572,https://abi.com.vn/wp-content/uploads/2026/05/Picture5-1-1400x673.jpg,2026/05/Picture5-1.jpg,True
5567,THÀNH PHỐ HỒ CHÍ MINH MỞ ĐƯỜNG CHO THẾ HỆ STARTUP NÔNG NGHIỆP CÔNG NGHỆ CAO 2026,content,5573,https://abi.com.vn/wp-content/uploads/2026/05/Picture6-1400x789.jpg,2026/05/Picture6.jpg,True
5567,THÀNH PHỐ HỒ CHÍ MINH MỞ ĐƯỜNG CHO THẾ HỆ STARTUP NÔNG NGHIỆP CÔNG NGHỆ CAO 2026,content,5574,https://abi.com.vn/wp-content/uploads/2026/05/Picture7-1400x768.jpg,2026/05/Picture7.jpg,True
5552,AGRITECH INNOVATION 2026 CHÍNH THỨC “ĐỔ BỘ” THÁI NGUYÊN,featured,5558,https://abi.com.vn/wp-content/uploads/2026/05/6.jpg,2026/05/6.jpg,True
5552,AGRITECH INNOVATION 2026 CHÍNH THỨC “ĐỔ BỘ” THÁI NGUYÊN,content,5553,https://abi.com.vn/wp-content/uploads/2026/05/1-1066x800.jpg,2026/05/1.jpg,True
5552,AGRITECH INNOVATION 2026 CHÍNH THỨC “ĐỔ BỘ” THÁI NGUYÊN,content,5554,https://abi.com.vn/wp-content/uploads/2026/05/2-1237x800.jpg,2026/05/2.jpg,True
5552,AGRITECH INNOVATION 2026 CHÍNH THỨC “ĐỔ BỘ” THÁI NGUYÊN,content,5555,https://abi.com.vn/wp-content/uploads/2026/05/3-1400x776.jpg,2026/05/3.jpg,True
5552,AGRITECH INNOVATION 2026 CHÍNH THỨC “ĐỔ BỘ” THÁI NGUYÊN,content,5556,https://abi.com.vn/wp-content/uploads/2026/05/4-1169x800.jpg,2026/05/4.jpg,True
5552,AGRITECH INNOVATION 2026 CHÍNH THỨC “ĐỔ BỘ” THÁI NGUYÊN,content,5557,https://abi.com.vn/wp-content/uploads/2026/05/5-1200x800.jpg,2026/05/5.jpg,True
5552,AGRITECH INNOVATION 2026 CHÍNH THỨC “ĐỔ BỘ” THÁI NGUYÊN,content,5558,https://abi.com.vn/wp-content/uploads/2026/05/6-1230x800.jpg,2026/05/6.jpg,True
5552,AGRITECH INNOVATION 2026 CHÍNH THỨC “ĐỔ BỘ” THÁI NGUYÊN,content,5559,https://abi.com.vn/wp-content/uploads/2026/05/7-1215x800.jpg,2026/05/7.jpg,True
5545,TÂY NGUYÊN “CHÂM NGÒI” AGRITECH INNOVATION 2026 &#8211; MỞ LỐI CHO NHỮNG Ý TƯỞNG VƯƠN XA,featured,5549,https://abi.com.vn/wp-content/uploads/2026/05/Picture4.jpg,2026/05/Picture4.jpg,True
5545,TÂY NGUYÊN “CHÂM NGÒI” AGRITECH INNOVATION 2026 &#8211; MỞ LỐI CHO NHỮNG Ý TƯỞNG VƯƠN XA,content,5546,https://abi.com.vn/wp-content/uploads/2026/05/Picture1-1400x787.jpg,2026/05/Picture1.jpg,True
5545,TÂY NGUYÊN “CHÂM NGÒI” AGRITECH INNOVATION 2026 &#8211; MỞ LỐI CHO NHỮNG Ý TƯỞNG VƯƠN XA,content,5547,https://abi.com.vn/wp-content/uploads/2026/05/Picture2-1200x800.jpg,2026/05/Picture2.jpg,True
5545,TÂY NGUYÊN “CHÂM NGÒI” AGRITECH INNOVATION 2026 &#8211; MỞ LỐI CHO NHỮNG Ý TƯỞNG VƯƠN XA,content,5548,https://abi.com.vn/wp-content/uploads/2026/05/Picture3-1200x800.jpg,2026/05/Picture3.jpg,True
5545,TÂY NGUYÊN “CHÂM NGÒI” AGRITECH INNOVATION 2026 &#8211; MỞ LỐI CHO NHỮNG Ý TƯỞNG VƯƠN XA,content,5549,https://abi.com.vn/wp-content/uploads/2026/05/Picture4-1365x800.jpg,2026/05/Picture4.jpg,True
5545,TÂY NGUYÊN “CHÂM NGÒI” AGRITECH INNOVATION 2026 &#8211; MỞ LỐI CHO NHỮNG Ý TƯỞNG VƯƠN XA,content,5550,https://abi.com.vn/wp-content/uploads/2026/05/Picture5-1400x780.jpg,2026/05/Picture5.jpg,True
5521,"AGRITECH INNOVATION 2026, VĨNH LONG KHỞI ĐỘNG HÀNH TRÌNH MỚI &#8211; NÔNG NGHIỆP TUẦN HOÀN – TỪ TƯ DUY ĐẾN HÀNH ĐỘNG",featured,5538,https://abi.com.vn/wp-content/uploads/2026/04/8.png,2026/04/8.png,True
5521,"AGRITECH INNOVATION 2026, VĨNH LONG KHỞI ĐỘNG HÀNH TRÌNH MỚI &#8211; NÔNG NGHIỆP TUẦN HOÀN – TỪ TƯ DUY ĐẾN HÀNH ĐỘNG",content,5531,https://abi.com.vn/wp-content/uploads/2026/04/1.png,2026/04/1.png,True
5521,"AGRITECH INNOVATION 2026, VĨNH LONG KHỞI ĐỘNG HÀNH TRÌNH MỚI &#8211; NÔNG NGHIỆP TUẦN HOÀN – TỪ TƯ DUY ĐẾN HÀNH ĐỘNG",content,5532,https://abi.com.vn/wp-content/uploads/2026/04/2.png,2026/04/2.png,True
5521,"AGRITECH INNOVATION 2026, VĨNH LONG KHỞI ĐỘNG HÀNH TRÌNH MỚI &#8211; NÔNG NGHIỆP TUẦN HOÀN – TỪ TƯ DUY ĐẾN HÀNH ĐỘNG",content,5533,https://abi.com.vn/wp-content/uploads/2026/04/3-1288x800.png,2026/04/3.png,True
5521,"AGRITECH INNOVATION 2026, VĨNH LONG KHỞI ĐỘNG HÀNH TRÌNH MỚI &#8211; NÔNG NGHIỆP TUẦN HOÀN – TỪ TƯ DUY ĐẾN HÀNH ĐỘNG",content,5534,https://abi.com.vn/wp-content/uploads/2026/04/4-1-1200x800.jpg,2026/04/4-1.jpg,True
5521,"AGRITECH INNOVATION 2026, VĨNH LONG KHỞI ĐỘNG HÀNH TRÌNH MỚI &#8211; NÔNG NGHIỆP TUẦN HOÀN – TỪ TƯ DUY ĐẾN HÀNH ĐỘNG",content,5535,https://abi.com.vn/wp-content/uploads/2026/04/5-1-1200x800.jpg,2026/04/5-1.jpg,True
5521,"AGRITECH INNOVATION 2026, VĨNH LONG KHỞI ĐỘNG HÀNH TRÌNH MỚI &#8211; NÔNG NGHIỆP TUẦN HOÀN – TỪ TƯ DUY ĐẾN HÀNH ĐỘNG",content,5536,https://abi.com.vn/wp-content/uploads/2026/04/6-1354x800.jpg,2026/04/6.jpg,True
5521,"AGRITECH INNOVATION 2026, VĨNH LONG KHỞI ĐỘNG HÀNH TRÌNH MỚI &#8211; NÔNG NGHIỆP TUẦN HOÀN – TỪ TƯ DUY ĐẾN HÀNH ĐỘNG",content,5537,https://abi.com.vn/wp-content/uploads/2026/04/7-1400x768.jpg,2026/04/7.jpg,True
5521,"AGRITECH INNOVATION 2026, VĨNH LONG KHỞI ĐỘNG HÀNH TRÌNH MỚI &#8211; NÔNG NGHIỆP TUẦN HOÀN – TỪ TƯ DUY ĐẾN HÀNH ĐỘNG",content,5538,https://abi.com.vn/wp-content/uploads/2026/04/8.png,2026/04/8.png,True
5521,"AGRITECH INNOVATION 2026, VĨNH LONG KHỞI ĐỘNG HÀNH TRÌNH MỚI &#8211; NÔNG NGHIỆP TUẦN HOÀN – TỪ TƯ DUY ĐẾN HÀNH ĐỘNG",content,5539,https://abi.com.vn/wp-content/uploads/2026/04/9-1200x800.jpg,2026/04/9.jpg,True
5502,"AGRITECH INNOVATION 2026, TỈNH KHÁNH HÒA – MỞ LỐI CHO Ý TƯỞNG NÔNG NGHIỆP BỨC PHÁ",featured,5506,https://abi.com.vn/wp-content/uploads/2026/04/z7708072813442_c538377d4147876bc4117f0b0104bded.jpg,2026/04/z7708072813442_c538377d4147876bc4117f0b0104bded.jpg,True
5502,"AGRITECH INNOVATION 2026, TỈNH KHÁNH HÒA – MỞ LỐI CHO Ý TƯỞNG NÔNG NGHIỆP BỨC PHÁ",content,5516,https://abi.com.vn/wp-content/uploads/2026/04/z7708072800058_b795e2e1f3b13e2f10c2b2b1d5d6d241-2.jpg,2026/04/z7708072800058_b795e2e1f3b13e2f10c2b2b1d5d6d241-2.jpg,True
5502,"AGRITECH INNOVATION 2026, TỈNH KHÁNH HÒA – MỞ LỐI CHO Ý TƯỞNG NÔNG NGHIỆP BỨC PHÁ",content,5504,https://abi.com.vn/wp-content/uploads/2026/04/z7708072801033_3ef60d078852a415df58073342521b85-1197x800.jpg,2026/04/z7708072801033_3ef60d078852a415df58073342521b85.jpg,True
5502,"AGRITECH INNOVATION 2026, TỈNH KHÁNH HÒA – MỞ LỐI CHO Ý TƯỞNG NÔNG NGHIỆP BỨC PHÁ",content,5505,https://abi.com.vn/wp-content/uploads/2026/04/z7708072818075_883dc60954ce95fc7194146cac9308e3-1400x725.jpg,2026/04/z7708072818075_883dc60954ce95fc7194146cac9308e3.jpg,True
5502,"AGRITECH INNOVATION 2026, TỈNH KHÁNH HÒA – MỞ LỐI CHO Ý TƯỞNG NÔNG NGHIỆP BỨC PHÁ",content,5517,https://abi.com.vn/wp-content/uploads/2026/04/z7708072813442_c538377d4147876bc4117f0b0104bded-1.jpg,2026/04/z7708072813442_c538377d4147876bc4117f0b0104bded-1.jpg,True
5502,"AGRITECH INNOVATION 2026, TỈNH KHÁNH HÒA – MỞ LỐI CHO Ý TƯỞNG NÔNG NGHIỆP BỨC PHÁ",content,5518,https://abi.com.vn/wp-content/uploads/2026/04/z7708072825327_c31f62030e736e2fb5bb3155713eb055-1-1363x800.jpg,2026/04/z7708072825327_c31f62030e736e2fb5bb3155713eb055-1.jpg,True
5493,AGRITECH INNOVATION 2026 CHÍNH THỨC KHỞI ĐỘNG,featured,5497,https://abi.com.vn/wp-content/uploads/2026/04/Picture2.jpg,2026/04/Picture2.jpg,True
5493,AGRITECH INNOVATION 2026 CHÍNH THỨC KHỞI ĐỘNG,content,5497,https://abi.com.vn/wp-content/uploads/2026/04/Picture2-1178x800.jpg,2026/04/Picture2.jpg,True
5493,AGRITECH INNOVATION 2026 CHÍNH THỨC KHỞI ĐỘNG,content,5498,https://abi.com.vn/wp-content/uploads/2026/04/Picture3-1197x800.jpg,2026/04/Picture3.jpg,True
5493,AGRITECH INNOVATION 2026 CHÍNH THỨC KHỞI ĐỘNG,content,5499,https://abi.com.vn/wp-content/uploads/2026/04/Picture4-1067x800.jpg,2026/04/Picture4.jpg,True
5474,CUỘC THI ĐỔI MỚI SÁNG TẠO TRONG NÔNG NGHIỆP TOÀN QUỐC &#8211; AGRITECH INNOVATION 2026,featured,5477,https://abi.com.vn/wp-content/uploads/2026/04/z7682158648074_147ff29bc52f13fc54f293f5bf694e28.jpg,2026/04/z7682158648074_147ff29bc52f13fc54f293f5bf694e28.jpg,True
5474,CUỘC THI ĐỔI MỚI SÁNG TẠO TRONG NÔNG NGHIỆP TOÀN QUỐC &#8211; AGRITECH INNOVATION 2026,content,5490,https://abi.com.vn/wp-content/uploads/2026/04/1-800x800.jpg,2026/04/1.jpg,True
5474,CUỘC THI ĐỔI MỚI SÁNG TẠO TRONG NÔNG NGHIỆP TOÀN QUỐC &#8211; AGRITECH INNOVATION 2026,content,5488,https://abi.com.vn/wp-content/uploads/2026/04/2-800x800.jpg,2026/04/2.jpg,True
5474,CUỘC THI ĐỔI MỚI SÁNG TẠO TRONG NÔNG NGHIỆP TOÀN QUỐC &#8211; AGRITECH INNOVATION 2026,content,5489,https://abi.com.vn/wp-content/uploads/2026/04/3-800x800.jpg,2026/04/3.jpg,True
5474,CUỘC THI ĐỔI MỚI SÁNG TẠO TRONG NÔNG NGHIỆP TOÀN QUỐC &#8211; AGRITECH INNOVATION 2026,content,5487,https://abi.com.vn/wp-content/uploads/2026/04/4-800x800.jpg,2026/04/4.jpg,True
5474,CUỘC THI ĐỔI MỚI SÁNG TẠO TRONG NÔNG NGHIỆP TOÀN QUỐC &#8211; AGRITECH INNOVATION 2026,content,5486,https://abi.com.vn/wp-content/uploads/2026/04/5-800x800.jpg,2026/04/5.jpg,True
5467,CHI BỘ TRUNG TÂM ƯƠM TẠO DOANH NGHIỆP NÔNG NGHIỆP CÔNG NGHỆ CAO TỔ CHỨC LỄ KẾT NẠP ĐẢNG VIÊN MỚI TẠI KHU DI TÍCH ĐỀN BẾN DƯỢC,featured,5472,https://abi.com.vn/wp-content/uploads/2026/03/image-8.png,2026/03/image-8.png,True
5467,CHI BỘ TRUNG TÂM ƯƠM TẠO DOANH NGHIỆP NÔNG NGHIỆP CÔNG NGHỆ CAO TỔ CHỨC LỄ KẾT NẠP ĐẢNG VIÊN MỚI TẠI KHU DI TÍCH ĐỀN BẾN DƯỢC,content,5468,https://abi.com.vn/wp-content/uploads/2026/03/image-5.png,2026/03/image-5.png,True
5467,CHI BỘ TRUNG TÂM ƯƠM TẠO DOANH NGHIỆP NÔNG NGHIỆP CÔNG NGHỆ CAO TỔ CHỨC LỄ KẾT NẠP ĐẢNG VIÊN MỚI TẠI KHU DI TÍCH ĐỀN BẾN DƯỢC,content,5469,https://abi.com.vn/wp-content/uploads/2026/03/image-6.png,2026/03/image-6.png,True
5467,CHI BỘ TRUNG TÂM ƯƠM TẠO DOANH NGHIỆP NÔNG NGHIỆP CÔNG NGHỆ CAO TỔ CHỨC LỄ KẾT NẠP ĐẢNG VIÊN MỚI TẠI KHU DI TÍCH ĐỀN BẾN DƯỢC,content,5470,https://abi.com.vn/wp-content/uploads/2026/03/image-7.png,2026/03/image-7.png,True
5467,CHI BỘ TRUNG TÂM ƯƠM TẠO DOANH NGHIỆP NÔNG NGHIỆP CÔNG NGHỆ CAO TỔ CHỨC LỄ KẾT NẠP ĐẢNG VIÊN MỚI TẠI KHU DI TÍCH ĐỀN BẾN DƯỢC,content,5472,https://abi.com.vn/wp-content/uploads/2026/03/image-8.png,2026/03/image-8.png,True
5462,AGRITECH INNOVATION 2026,featured,5463,https://abi.com.vn/wp-content/uploads/2026/03/Anh-tuyen-thong-truoc-phat-dong-cuoc-thi-scaled.png,2026/03/Anh-tuyen-thong-truoc-phat-dong-cuoc-thi-scaled.png,True
5462,AGRITECH INNOVATION 2026,content,,https://abi.com.vn/wp-content/uploads/2026/03/Anh-tuyen-thong-truoc-phat-dong-cuoc-thi-800x800.png,,False
5454,TRUNG TÂM ƯƠM TẠO DOANH NGHIỆP NÔNG NGHIỆP CÔNG NGHỆ CAO TỔ CHỨC CÁC HOẠT ĐỘNG CHÀO MỪNG NGÀY QUỐC TẾ PHỤ NỮ 8/3,featured,5458,https://abi.com.vn/wp-content/uploads/2026/03/image-3.png,2026/03/image-3.png,True
5454,TRUNG TÂM ƯƠM TẠO DOANH NGHIỆP NÔNG NGHIỆP CÔNG NGHỆ CAO TỔ CHỨC CÁC HOẠT ĐỘNG CHÀO MỪNG NGÀY QUỐC TẾ PHỤ NỮ 8/3,content,5455,https://abi.com.vn/wp-content/uploads/2026/03/image.png,2026/03/image.png,True
5454,TRUNG TÂM ƯƠM TẠO DOANH NGHIỆP NÔNG NGHIỆP CÔNG NGHỆ CAO TỔ CHỨC CÁC HOẠT ĐỘNG CHÀO MỪNG NGÀY QUỐC TẾ PHỤ NỮ 8/3,content,5456,https://abi.com.vn/wp-content/uploads/2026/03/image-1.png,2026/03/image-1.png,True
5454,TRUNG TÂM ƯƠM TẠO DOANH NGHIỆP NÔNG NGHIỆP CÔNG NGHỆ CAO TỔ CHỨC CÁC HOẠT ĐỘNG CHÀO MỪNG NGÀY QUỐC TẾ PHỤ NỮ 8/3,content,5457,https://abi.com.vn/wp-content/uploads/2026/03/image-2.png,2026/03/image-2.png,True
5454,TRUNG TÂM ƯƠM TẠO DOANH NGHIỆP NÔNG NGHIỆP CÔNG NGHỆ CAO TỔ CHỨC CÁC HOẠT ĐỘNG CHÀO MỪNG NGÀY QUỐC TẾ PHỤ NỮ 8/3,content,5458,https://abi.com.vn/wp-content/uploads/2026/03/image-3.png,2026/03/image-3.png,True
5454,TRUNG TÂM ƯƠM TẠO DOANH NGHIỆP NÔNG NGHIỆP CÔNG NGHỆ CAO TỔ CHỨC CÁC HOẠT ĐỘNG CHÀO MỪNG NGÀY QUỐC TẾ PHỤ NỮ 8/3,content,5459,https://abi.com.vn/wp-content/uploads/2026/03/image-4.png,2026/03/image-4.png,True
5438,KẾ HOẠCH Tổ chức cuộc thi “Khởi nghiệp đổi mới sáng tạo trong lĩnh vực nông nghiệp ứng dụng công nghệ cao năm 2026”,content,5439,https://abi.com.vn/wp-content/uploads/2026/01/1954.KH-NNCNC.signed.pdf,,True
5434,THÔNG BÁOVề việc công nhận Kết quả trúng tuyển viên chức năm 2025,content,5435,https://abi.com.vn/wp-content/uploads/2025/12/07.TB-ds-trung-tuyen.pdf,,True
5411,Hội nghị Viên chức – Người lao động Trung tâm Ươm tạo Doanh nghiệp Nông nghiệp Công nghệ cao năm 2026,featured,5431,https://abi.com.vn/wp-content/uploads/2025/12/image-26.png,2025/12/image-26.png,True
5411,Hội nghị Viên chức – Người lao động Trung tâm Ươm tạo Doanh nghiệp Nông nghiệp Công nghệ cao năm 2026,content,5412,https://abi.com.vn/wp-content/uploads/2025/12/image-7.png,2025/12/image-7.png,True
5411,Hội nghị Viên chức – Người lao động Trung tâm Ươm tạo Doanh nghiệp Nông nghiệp Công nghệ cao năm 2026,content,5413,https://abi.com.vn/wp-content/uploads/2025/12/image-8.png,2025/12/image-8.png,True
5411,Hội nghị Viên chức – Người lao động Trung tâm Ươm tạo Doanh nghiệp Nông nghiệp Công nghệ cao năm 2026,content,5422,https://abi.com.vn/wp-content/uploads/2025/12/image-17-1067x800.png,2025/12/image-17.png,True
5411,Hội nghị Viên chức – Người lao động Trung tâm Ươm tạo Doanh nghiệp Nông nghiệp Công nghệ cao năm 2026,content,5423,https://abi.com.vn/wp-content/uploads/2025/12/image-18-1067x800.png,2025/12/image-18.png,True
5411,Hội nghị Viên chức – Người lao động Trung tâm Ươm tạo Doanh nghiệp Nông nghiệp Công nghệ cao năm 2026,content,5424,https://abi.com.vn/wp-content/uploads/2025/12/image-19-1067x800.png,2025/12/image-19.png,True
5411,Hội nghị Viên chức – Người lao động Trung tâm Ươm tạo Doanh nghiệp Nông nghiệp Công nghệ cao năm 2026,content,5427,https://abi.com.vn/wp-content/uploads/2025/12/image-22-1067x800.png,2025/12/image-22.png,True
5411,Hội nghị Viên chức – Người lao động Trung tâm Ươm tạo Doanh nghiệp Nông nghiệp Công nghệ cao năm 2026,content,5425,https://abi.com.vn/wp-content/uploads/2025/12/image-20-1067x800.png,2025/12/image-20.png,True
5411,Hội nghị Viên chức – Người lao động Trung tâm Ươm tạo Doanh nghiệp Nông nghiệp Công nghệ cao năm 2026,content,5426,https://abi.com.vn/wp-content/uploads/2025/12/image-21-1067x800.png,2025/12/image-21.png,True
5411,Hội nghị Viên chức – Người lao động Trung tâm Ươm tạo Doanh nghiệp Nông nghiệp Công nghệ cao năm 2026,content,5428,https://abi.com.vn/wp-content/uploads/2025/12/image-23-1067x800.png,2025/12/image-23.png,True
5411,Hội nghị Viên chức – Người lao động Trung tâm Ươm tạo Doanh nghiệp Nông nghiệp Công nghệ cao năm 2026,content,5429,https://abi.com.vn/wp-content/uploads/2025/12/image-24-1067x800.png,2025/12/image-24.png,True
5411,Hội nghị Viên chức – Người lao động Trung tâm Ươm tạo Doanh nghiệp Nông nghiệp Công nghệ cao năm 2026,content,5430,https://abi.com.vn/wp-content/uploads/2025/12/image-25-1067x800.png,2025/12/image-25.png,True
5411,Hội nghị Viên chức – Người lao động Trung tâm Ươm tạo Doanh nghiệp Nông nghiệp Công nghệ cao năm 2026,content,5431,https://abi.com.vn/wp-content/uploads/2025/12/image-26-1067x800.png,2025/12/image-26.png,True
5402,KẾT NỐI MẠNG LƯỚI KHỞI NGHIỆP – KHI MIỀN TRUNG CHỦ ĐỘNG KIẾN TẠO ĐỘNG LỰC ĐỔI MỚI SÁNG TẠO,featured,5409,https://abi.com.vn/wp-content/uploads/2025/12/image-6.png,2025/12/image-6.png,True
5402,KẾT NỐI MẠNG LƯỚI KHỞI NGHIỆP – KHI MIỀN TRUNG CHỦ ĐỘNG KIẾN TẠO ĐỘNG LỰC ĐỔI MỚI SÁNG TẠO,content,5403,https://abi.com.vn/wp-content/uploads/2025/12/image.png,2025/12/image.png,True
5402,KẾT NỐI MẠNG LƯỚI KHỞI NGHIỆP – KHI MIỀN TRUNG CHỦ ĐỘNG KIẾN TẠO ĐỘNG LỰC ĐỔI MỚI SÁNG TẠO,content,5404,https://abi.com.vn/wp-content/uploads/2025/12/image-1.png,2025/12/image-1.png,True
5402,KẾT NỐI MẠNG LƯỚI KHỞI NGHIỆP – KHI MIỀN TRUNG CHỦ ĐỘNG KIẾN TẠO ĐỘNG LỰC ĐỔI MỚI SÁNG TẠO,content,5405,https://abi.com.vn/wp-content/uploads/2025/12/image-2.png,2025/12/image-2.png,True
5402,KẾT NỐI MẠNG LƯỚI KHỞI NGHIỆP – KHI MIỀN TRUNG CHỦ ĐỘNG KIẾN TẠO ĐỘNG LỰC ĐỔI MỚI SÁNG TẠO,content,5406,https://abi.com.vn/wp-content/uploads/2025/12/image-3.png,2025/12/image-3.png,True
5402,KẾT NỐI MẠNG LƯỚI KHỞI NGHIỆP – KHI MIỀN TRUNG CHỦ ĐỘNG KIẾN TẠO ĐỘNG LỰC ĐỔI MỚI SÁNG TẠO,content,5407,https://abi.com.vn/wp-content/uploads/2025/12/image-4.png,2025/12/image-4.png,True
5402,KẾT NỐI MẠNG LƯỚI KHỞI NGHIỆP – KHI MIỀN TRUNG CHỦ ĐỘNG KIẾN TẠO ĐỘNG LỰC ĐỔI MỚI SÁNG TẠO,content,5408,https://abi.com.vn/wp-content/uploads/2025/12/image-5.png,2025/12/image-5.png,True
5402,KẾT NỐI MẠNG LƯỚI KHỞI NGHIỆP – KHI MIỀN TRUNG CHỦ ĐỘNG KIẾN TẠO ĐỘNG LỰC ĐỔI MỚI SÁNG TẠO,content,5409,https://abi.com.vn/wp-content/uploads/2025/12/image-6.png,2025/12/image-6.png,True
5399,THÔNG BÁO,content,5400,https://abi.com.vn/wp-content/uploads/2025/12/06.TB-moi-thi-sinh-du-xet-tuyen-1.pdf,,True
5396,THÔNG BÁO,content,5397,https://abi.com.vn/wp-content/uploads/2025/12/06.TB-moi-thi-sinh-du-xet-tuyen.pdf,,True
5388,THÔNG BÁO,content,5392,https://abi.com.vn/wp-content/uploads/2025/12/05.TB-DS-TS-du-dk-ko-du-dk.pdf,,True
5374,KẾT NỐI KHỞI NGHIỆP – THÚC ĐẨY CHUYỂN ĐỔI SỐ CHO NÔNG NGHIỆP TÂY NGUYÊN,featured,5377,https://abi.com.vn/wp-content/uploads/2025/12/2.jpg,2025/12/2.jpg,True
5374,KẾT NỐI KHỞI NGHIỆP – THÚC ĐẨY CHUYỂN ĐỔI SỐ CHO NÔNG NGHIỆP TÂY NGUYÊN,content,5376,https://abi.com.vn/wp-content/uploads/2025/12/1-1063x800.jpg,2025/12/1.jpg,True
5374,KẾT NỐI KHỞI NGHIỆP – THÚC ĐẨY CHUYỂN ĐỔI SỐ CHO NÔNG NGHIỆP TÂY NGUYÊN,content,5377,https://abi.com.vn/wp-content/uploads/2025/12/2-1067x800.jpg,2025/12/2.jpg,True
5374,KẾT NỐI KHỞI NGHIỆP – THÚC ĐẨY CHUYỂN ĐỔI SỐ CHO NÔNG NGHIỆP TÂY NGUYÊN,content,5381,https://abi.com.vn/wp-content/uploads/2025/12/3-1124x800.jpg,2025/12/3.jpg,True
5374,KẾT NỐI KHỞI NGHIỆP – THÚC ĐẨY CHUYỂN ĐỔI SỐ CHO NÔNG NGHIỆP TÂY NGUYÊN,content,5385,https://abi.com.vn/wp-content/uploads/2025/12/4-1067x800.jpg,2025/12/4.jpg,True
5374,KẾT NỐI KHỞI NGHIỆP – THÚC ĐẨY CHUYỂN ĐỔI SỐ CHO NÔNG NGHIỆP TÂY NGUYÊN,content,5383,https://abi.com.vn/wp-content/uploads/2025/12/5-1098x800.jpg,2025/12/5.jpg,True
5374,KẾT NỐI KHỞI NGHIỆP – THÚC ĐẨY CHUYỂN ĐỔI SỐ CHO NÔNG NGHIỆP TÂY NGUYÊN,content,5382,https://abi.com.vn/wp-content/uploads/2025/12/6-1067x800.jpg,2025/12/6.jpg,True
5374,KẾT NỐI KHỞI NGHIỆP – THÚC ĐẨY CHUYỂN ĐỔI SỐ CHO NÔNG NGHIỆP TÂY NGUYÊN,content,5378,https://abi.com.vn/wp-content/uploads/2025/12/7-1176x800.jpg,2025/12/7.jpg,True
5374,KẾT NỐI KHỞI NGHIỆP – THÚC ĐẨY CHUYỂN ĐỔI SỐ CHO NÔNG NGHIỆP TÂY NGUYÊN,content,5384,https://abi.com.vn/wp-content/uploads/2025/12/8-1067x800.jpg,2025/12/8.jpg,True
5374,KẾT NỐI KHỞI NGHIỆP – THÚC ĐẨY CHUYỂN ĐỔI SỐ CHO NÔNG NGHIỆP TÂY NGUYÊN,content,5379,https://abi.com.vn/wp-content/uploads/2025/12/9-1067x800.jpg,2025/12/9.jpg,True
5374,KẾT NỐI KHỞI NGHIỆP – THÚC ĐẨY CHUYỂN ĐỔI SỐ CHO NÔNG NGHIỆP TÂY NGUYÊN,content,5375,https://abi.com.vn/wp-content/uploads/2025/12/10-1063x800.jpg,2025/12/10.jpg,True
5374,KẾT NỐI KHỞI NGHIỆP – THÚC ĐẨY CHUYỂN ĐỔI SỐ CHO NÔNG NGHIỆP TÂY NGUYÊN,content,5380,https://abi.com.vn/wp-content/uploads/2025/12/11-1067x800.jpg,2025/12/11.jpg,True
5364,AGRITECH INNOVATION &amp; PMF TRAINING – LAN TOẢ ĐỔI MỚI SÁNG TẠO TRONG NÔNG NGHIỆP TẠI TỈNH GIA LAI,featured,5366,https://abi.com.vn/wp-content/uploads/2025/12/z7286802564047_6665f786d99d789bcfa9e7d8be486ef1.jpg,2025/12/z7286802564047_6665f786d99d789bcfa9e7d8be486ef1.jpg,True
5364,AGRITECH INNOVATION &amp; PMF TRAINING – LAN TOẢ ĐỔI MỚI SÁNG TẠO TRONG NÔNG NGHIỆP TẠI TỈNH GIA LAI,content,5365,https://abi.com.vn/wp-content/uploads/2025/12/z7286802563930_300f1071237031b7f6cb3ee4ac920cf2-1067x800.jpg,2025/12/z7286802563930_300f1071237031b7f6cb3ee4ac920cf2.jpg,True
5364,AGRITECH INNOVATION &amp; PMF TRAINING – LAN TOẢ ĐỔI MỚI SÁNG TẠO TRONG NÔNG NGHIỆP TẠI TỈNH GIA LAI,content,5367,https://abi.com.vn/wp-content/uploads/2025/12/z7286802564042_a9833ab7ba43b82cc6becee62ac1e8bb-1067x800.jpg,2025/12/z7286802564042_a9833ab7ba43b82cc6becee62ac1e8bb.jpg,True
5364,AGRITECH INNOVATION &amp; PMF TRAINING – LAN TOẢ ĐỔI MỚI SÁNG TẠO TRONG NÔNG NGHIỆP TẠI TỈNH GIA LAI,content,5371,https://abi.com.vn/wp-content/uploads/2025/12/z7286802564043_6d39caedd796c3f3364ebd325fc4a8a7-1067x800.jpg,2025/12/z7286802564043_6d39caedd796c3f3364ebd325fc4a8a7.jpg,True
5364,AGRITECH INNOVATION &amp; PMF TRAINING – LAN TOẢ ĐỔI MỚI SÁNG TẠO TRONG NÔNG NGHIỆP TẠI TỈNH GIA LAI,content,5370,https://abi.com.vn/wp-content/uploads/2025/12/z7286802564044_85616eccc445893ffbb8b894137be348-1067x800.jpg,2025/12/z7286802564044_85616eccc445893ffbb8b894137be348.jpg,True
5364,AGRITECH INNOVATION &amp; PMF TRAINING – LAN TOẢ ĐỔI MỚI SÁNG TẠO TRONG NÔNG NGHIỆP TẠI TỈNH GIA LAI,content,5368,https://abi.com.vn/wp-content/uploads/2025/12/z7286802564045_bd2aff720b16424808d2d77a6808eb3c-1067x800.jpg,2025/12/z7286802564045_bd2aff720b16424808d2d77a6808eb3c.jpg,True
5364,AGRITECH INNOVATION &amp; PMF TRAINING – LAN TOẢ ĐỔI MỚI SÁNG TẠO TRONG NÔNG NGHIỆP TẠI TỈNH GIA LAI,content,5366,https://abi.com.vn/wp-content/uploads/2025/12/z7286802564047_6665f786d99d789bcfa9e7d8be486ef1-1067x800.jpg,2025/12/z7286802564047_6665f786d99d789bcfa9e7d8be486ef1.jpg,True
5364,AGRITECH INNOVATION &amp; PMF TRAINING – LAN TOẢ ĐỔI MỚI SÁNG TẠO TRONG NÔNG NGHIỆP TẠI TỈNH GIA LAI,content,5369,https://abi.com.vn/wp-content/uploads/2025/12/z7286802582675_ae300f494dddba1f6527ca9459c40857-1067x800.jpg,2025/12/z7286802582675_ae300f494dddba1f6527ca9459c40857.jpg,True
5364,AGRITECH INNOVATION &amp; PMF TRAINING – LAN TOẢ ĐỔI MỚI SÁNG TẠO TRONG NÔNG NGHIỆP TẠI TỈNH GIA LAI,content,5372,https://abi.com.vn/wp-content/uploads/2025/12/z7286802733081_83b04994e990eaa496cd13b20ceb20cc-1067x800.jpg,2025/12/z7286802733081_83b04994e990eaa496cd13b20ceb20cc.jpg,True
5343,Một mùa giải – một hành trình – một khoảnh khắc bứt phá Agritech innovation 2025 chính thức gọi tên các ngôi vị xuất sắc nhất,featured,5353,https://abi.com.vn/wp-content/uploads/2025/11/image-14.png,2025/11/image-14.png,True
5343,Một mùa giải – một hành trình – một khoảnh khắc bứt phá Agritech innovation 2025 chính thức gọi tên các ngôi vị xuất sắc nhất,content,5344,https://abi.com.vn/wp-content/uploads/2025/11/image-5.png,2025/11/image-5.png,True
5343,Một mùa giải – một hành trình – một khoảnh khắc bứt phá Agritech innovation 2025 chính thức gọi tên các ngôi vị xuất sắc nhất,content,5345,https://abi.com.vn/wp-content/uploads/2025/11/image-6.png,2025/11/image-6.png,True
5343,Một mùa giải – một hành trình – một khoảnh khắc bứt phá Agritech innovation 2025 chính thức gọi tên các ngôi vị xuất sắc nhất,content,5346,https://abi.com.vn/wp-content/uploads/2025/11/image-7.png,2025/11/image-7.png,True
5343,Một mùa giải – một hành trình – một khoảnh khắc bứt phá Agritech innovation 2025 chính thức gọi tên các ngôi vị xuất sắc nhất,content,5347,https://abi.com.vn/wp-content/uploads/2025/11/image-8-902x800.png,2025/11/image-8.png,True
5343,Một mùa giải – một hành trình – một khoảnh khắc bứt phá Agritech innovation 2025 chính thức gọi tên các ngôi vị xuất sắc nhất,content,5348,https://abi.com.vn/wp-content/uploads/2025/11/image-9.png,2025/11/image-9.png,True
5343,Một mùa giải – một hành trình – một khoảnh khắc bứt phá Agritech innovation 2025 chính thức gọi tên các ngôi vị xuất sắc nhất,content,5349,https://abi.com.vn/wp-content/uploads/2025/11/image-10.png,2025/11/image-10.png,True
5343,Một mùa giải – một hành trình – một khoảnh khắc bứt phá Agritech innovation 2025 chính thức gọi tên các ngôi vị xuất sắc nhất,content,5350,https://abi.com.vn/wp-content/uploads/2025/11/image-11.png,2025/11/image-11.png,True
5343,Một mùa giải – một hành trình – một khoảnh khắc bứt phá Agritech innovation 2025 chính thức gọi tên các ngôi vị xuất sắc nhất,content,5351,https://abi.com.vn/wp-content/uploads/2025/11/image-12.png,2025/11/image-12.png,True
5343,Một mùa giải – một hành trình – một khoảnh khắc bứt phá Agritech innovation 2025 chính thức gọi tên các ngôi vị xuất sắc nhất,content,5352,https://abi.com.vn/wp-content/uploads/2025/11/image-13.png,2025/11/image-13.png,True
5343,Một mùa giải – một hành trình – một khoảnh khắc bứt phá Agritech innovation 2025 chính thức gọi tên các ngôi vị xuất sắc nhất,content,5353,http://abi.com.vn/wp-content/uploads/2025/11/image-14.png,2025/11/image-14.png,True
5337,S.VENTURE 2025 – Nơi các nhà sáng lập gặp nhà đầu tư thật sự,featured,5338,https://abi.com.vn/wp-content/uploads/2025/11/image-3.png,2025/11/image-3.png,True
5332,CHÍNH THỨC CÔNG BỐ HỘI ĐỒNG BAN GIÁM KHẢO VÒNG CHUNG KẾT CUỘC THI “KHỞI NGHIỆP ĐỔI MỚI SÁNG TẠO TRONG LĨNH VỰC NÔNG NGHIỆP ỨNG DỤNG CÔNG NGHỆ CAO NĂM 2025”,featured,5335,https://abi.com.vn/wp-content/uploads/2025/11/HOI-DONG-BAN-GIAM-KHAO-CHUNG-KET-2025-1-scaled.png,2025/11/HOI-DONG-BAN-GIAM-KHAO-CHUNG-KET-2025-1-scaled.png,True
5329,Chung kết cuộc thi KHỞI NGHIỆP ĐỔI MỚI SÁNG TẠO TRONG LĨNH VỰC ỨNG DỤNG NÔNG NGHIỆP CÔNG NGHỆ CAO,featured,5330,https://abi.com.vn/wp-content/uploads/2025/11/image-2.png,2025/11/image-2.png,True
5320,KẾ HOẠCH Tổ chức các khóa tập huấn cho dự án tham gia vòng Chung kết Cuộc thi “Khởi nghiệp đổi mới sáng tạo trong lĩnh vực nông nghiệp ứng dụng công nghệ cao năm 2025&#8243;,content,5322,https://abi.com.vn/wp-content/uploads/2025/11/image-1.png,2025/11/image-1.png,True
5320,KẾ HOẠCH Tổ chức các khóa tập huấn cho dự án tham gia vòng Chung kết Cuộc thi “Khởi nghiệp đổi mới sáng tạo trong lĩnh vực nông nghiệp ứng dụng công nghệ cao năm 2025&#8243;,content,5323,https://abi.com.vn/wp-content/uploads/2025/11/1653.KH-NNCNC.signed.pdf,,True
5314,THÔNG BÁO KẾT QUẢ VÒNG BÁN KẾT CUỘC THI KHỞI NGHIỆP 2025,featured,5341,https://abi.com.vn/wp-content/uploads/2025/11/image-4.png,2025/11/image-4.png,True
5314,THÔNG BÁO KẾT QUẢ VÒNG BÁN KẾT CUỘC THI KHỞI NGHIỆP 2025,content,5316,https://abi.com.vn/wp-content/uploads/2025/11/z7196016025707_1a9219d9a9d2fb52566c19f8e9e9e650-566x800.jpg,2025/11/z7196016025707_1a9219d9a9d2fb52566c19f8e9e9e650.jpg,True
5314,THÔNG BÁO KẾT QUẢ VÒNG BÁN KẾT CUỘC THI KHỞI NGHIỆP 2025,content,5315,https://abi.com.vn/wp-content/uploads/2025/11/z7196016033009_527f311a04e173c2a0728a161feb3d0b-566x800.jpg,2025/11/z7196016033009_527f311a04e173c2a0728a161feb3d0b.jpg,True
5314,THÔNG BÁO KẾT QUẢ VÒNG BÁN KẾT CUỘC THI KHỞI NGHIỆP 2025,content,5317,https://abi.com.vn/wp-content/uploads/2025/11/07.TB-BTCCT.signed.pdf,,True
5310,THÔNG BÁO Tuyển dụng viên chức năm 2025,content,5311,https://abi.com.vn/wp-content/uploads/2025/11/413.TB_.TTUT_2025110608255725.pdf,,True
5303,Khai mạc Vòng Bán kết Cuộc thi “Khởi nghiệp đổi mới sáng tạo trong lĩnh vực nông nghiệp ứng dụng công nghệ cao năm 2025”,featured,5304,https://abi.com.vn/wp-content/uploads/2025/10/image-46.png,2025/10/image-46.png,True
5303,Khai mạc Vòng Bán kết Cuộc thi “Khởi nghiệp đổi mới sáng tạo trong lĩnh vực nông nghiệp ứng dụng công nghệ cao năm 2025”,content,5304,https://abi.com.vn/wp-content/uploads/2025/10/image-46.png,2025/10/image-46.png,True
5303,Khai mạc Vòng Bán kết Cuộc thi “Khởi nghiệp đổi mới sáng tạo trong lĩnh vực nông nghiệp ứng dụng công nghệ cao năm 2025”,content,5305,https://abi.com.vn/wp-content/uploads/2025/10/image-47.png,2025/10/image-47.png,True
5303,Khai mạc Vòng Bán kết Cuộc thi “Khởi nghiệp đổi mới sáng tạo trong lĩnh vực nông nghiệp ứng dụng công nghệ cao năm 2025”,content,5306,https://abi.com.vn/wp-content/uploads/2025/10/image-48.png,2025/10/image-48.png,True
5303,Khai mạc Vòng Bán kết Cuộc thi “Khởi nghiệp đổi mới sáng tạo trong lĩnh vực nông nghiệp ứng dụng công nghệ cao năm 2025”,content,5307,https://abi.com.vn/wp-content/uploads/2025/10/image-49.png,2025/10/image-49.png,True
5303,Khai mạc Vòng Bán kết Cuộc thi “Khởi nghiệp đổi mới sáng tạo trong lĩnh vực nông nghiệp ứng dụng công nghệ cao năm 2025”,content,5308,https://abi.com.vn/wp-content/uploads/2025/10/image-50.png,2025/10/image-50.png,True
5295,CHUỖI TẬP HUẤN NÂNG CAO NĂNG LỰC CHO THÍ SINH VÒNG BÁN KẾT – HÀNH TRÌNH BỨT PHÁ TRONG CUỘC THI KHỞI NGHIỆP ĐỔI MỚI SÁNG TẠO NÔNG NGHIỆP CÔNG NGHỆ CAO NĂM 2025,featured,5296,https://abi.com.vn/wp-content/uploads/2025/10/image-41.png,2025/10/image-41.png,True
5295,CHUỖI TẬP HUẤN NÂNG CAO NĂNG LỰC CHO THÍ SINH VÒNG BÁN KẾT – HÀNH TRÌNH BỨT PHÁ TRONG CUỘC THI KHỞI NGHIỆP ĐỔI MỚI SÁNG TẠO NÔNG NGHIỆP CÔNG NGHỆ CAO NĂM 2025,content,5296,https://abi.com.vn/wp-content/uploads/2025/10/image-41.png,2025/10/image-41.png,True
5295,CHUỖI TẬP HUẤN NÂNG CAO NĂNG LỰC CHO THÍ SINH VÒNG BÁN KẾT – HÀNH TRÌNH BỨT PHÁ TRONG CUỘC THI KHỞI NGHIỆP ĐỔI MỚI SÁNG TẠO NÔNG NGHIỆP CÔNG NGHỆ CAO NĂM 2025,content,5297,https://abi.com.vn/wp-content/uploads/2025/10/image-42.png,2025/10/image-42.png,True
5295,CHUỖI TẬP HUẤN NÂNG CAO NĂNG LỰC CHO THÍ SINH VÒNG BÁN KẾT – HÀNH TRÌNH BỨT PHÁ TRONG CUỘC THI KHỞI NGHIỆP ĐỔI MỚI SÁNG TẠO NÔNG NGHIỆP CÔNG NGHỆ CAO NĂM 2025,content,5298,https://abi.com.vn/wp-content/uploads/2025/10/image-43.png,2025/10/image-43.png,True
5295,CHUỖI TẬP HUẤN NÂNG CAO NĂNG LỰC CHO THÍ SINH VÒNG BÁN KẾT – HÀNH TRÌNH BỨT PHÁ TRONG CUỘC THI KHỞI NGHIỆP ĐỔI MỚI SÁNG TẠO NÔNG NGHIỆP CÔNG NGHỆ CAO NĂM 2025,content,5299,https://abi.com.vn/wp-content/uploads/2025/10/image-44.png,2025/10/image-44.png,True
5295,CHUỖI TẬP HUẤN NÂNG CAO NĂNG LỰC CHO THÍ SINH VÒNG BÁN KẾT – HÀNH TRÌNH BỨT PHÁ TRONG CUỘC THI KHỞI NGHIỆP ĐỔI MỚI SÁNG TẠO NÔNG NGHIỆP CÔNG NGHỆ CAO NĂM 2025,content,5300,https://abi.com.vn/wp-content/uploads/2025/10/image-45.png,2025/10/image-45.png,True
5285,Kỷ niệm 95 năm ngày thành lập Hội liên hiệp phụ nữ Việt Nam (20/10/1930 &#8211; 20/10/2025) và 15 năm ngày phụ nữ Việt Nam (20/10/2010 &#8211; 20/10/2025),featured,5293,https://abi.com.vn/wp-content/uploads/2025/10/image-40.png,2025/10/image-40.png,True
5285,Kỷ niệm 95 năm ngày thành lập Hội liên hiệp phụ nữ Việt Nam (20/10/1930 &#8211; 20/10/2025) và 15 năm ngày phụ nữ Việt Nam (20/10/2010 &#8211; 20/10/2025),content,5286,https://abi.com.vn/wp-content/uploads/2025/10/image-33.png,2025/10/image-33.png,True
5285,Kỷ niệm 95 năm ngày thành lập Hội liên hiệp phụ nữ Việt Nam (20/10/1930 &#8211; 20/10/2025) và 15 năm ngày phụ nữ Việt Nam (20/10/2010 &#8211; 20/10/2025),content,5287,https://abi.com.vn/wp-content/uploads/2025/10/image-34.png,2025/10/image-34.png,True
5285,Kỷ niệm 95 năm ngày thành lập Hội liên hiệp phụ nữ Việt Nam (20/10/1930 &#8211; 20/10/2025) và 15 năm ngày phụ nữ Việt Nam (20/10/2010 &#8211; 20/10/2025),content,5288,https://abi.com.vn/wp-content/uploads/2025/10/image-35.png,2025/10/image-35.png,True
5285,Kỷ niệm 95 năm ngày thành lập Hội liên hiệp phụ nữ Việt Nam (20/10/1930 &#8211; 20/10/2025) và 15 năm ngày phụ nữ Việt Nam (20/10/2010 &#8211; 20/10/2025),content,5289,https://abi.com.vn/wp-content/uploads/2025/10/image-36.png,2025/10/image-36.png,True
5285,Kỷ niệm 95 năm ngày thành lập Hội liên hiệp phụ nữ Việt Nam (20/10/1930 &#8211; 20/10/2025) và 15 năm ngày phụ nữ Việt Nam (20/10/2010 &#8211; 20/10/2025),content,5291,https://abi.com.vn/wp-content/uploads/2025/10/image-38.png,2025/10/image-38.png,True
5285,Kỷ niệm 95 năm ngày thành lập Hội liên hiệp phụ nữ Việt Nam (20/10/1930 &#8211; 20/10/2025) và 15 năm ngày phụ nữ Việt Nam (20/10/2010 &#8211; 20/10/2025),content,5292,https://abi.com.vn/wp-content/uploads/2025/10/image-39.png,2025/10/image-39.png,True
5285,Kỷ niệm 95 năm ngày thành lập Hội liên hiệp phụ nữ Việt Nam (20/10/1930 &#8211; 20/10/2025) và 15 năm ngày phụ nữ Việt Nam (20/10/2010 &#8211; 20/10/2025),content,5293,https://abi.com.vn/wp-content/uploads/2025/10/image-40.png,2025/10/image-40.png,True
5261,"Ứng dụng công nghệ sinh học trong phát triển nông nghiệp xanh, bền vững",featured,5262,https://abi.com.vn/wp-content/uploads/2025/10/image-16.png,2025/10/image-16.png,True
5261,"Ứng dụng công nghệ sinh học trong phát triển nông nghiệp xanh, bền vững",content,5262,https://abi.com.vn/wp-content/uploads/2025/10/image-16.png,2025/10/image-16.png,True
5261,"Ứng dụng công nghệ sinh học trong phát triển nông nghiệp xanh, bền vững",content,5263,https://abi.com.vn/wp-content/uploads/2025/10/image-17.png,2025/10/image-17.png,True
5261,"Ứng dụng công nghệ sinh học trong phát triển nông nghiệp xanh, bền vững",content,5264,https://abi.com.vn/wp-content/uploads/2025/10/image-18.png,2025/10/image-18.png,True
5261,"Ứng dụng công nghệ sinh học trong phát triển nông nghiệp xanh, bền vững",content,5265,https://abi.com.vn/wp-content/uploads/2025/10/image-19.png,2025/10/image-19.png,True
5261,"Ứng dụng công nghệ sinh học trong phát triển nông nghiệp xanh, bền vững",content,5266,https://abi.com.vn/wp-content/uploads/2025/10/image-20.png,2025/10/image-20.png,True
5275,"Tập huấn “Quy trình kỹ thuật trồng và chăm sóc rau ăn quả (dưa lưới, cà chua bi) trong nhà màng ứng dụng công nghệ cao” tại tỉnh Lâm Đồng năm 2025",featured,5282,https://abi.com.vn/wp-content/uploads/2025/10/image-32.png,2025/10/image-32.png,True
5275,"Tập huấn “Quy trình kỹ thuật trồng và chăm sóc rau ăn quả (dưa lưới, cà chua bi) trong nhà màng ứng dụng công nghệ cao” tại tỉnh Lâm Đồng năm 2025",content,5276,https://abi.com.vn/wp-content/uploads/2025/10/image-26.png,2025/10/image-26.png,True
5275,"Tập huấn “Quy trình kỹ thuật trồng và chăm sóc rau ăn quả (dưa lưới, cà chua bi) trong nhà màng ứng dụng công nghệ cao” tại tỉnh Lâm Đồng năm 2025",content,5277,https://abi.com.vn/wp-content/uploads/2025/10/image-27.png,2025/10/image-27.png,True
5275,"Tập huấn “Quy trình kỹ thuật trồng và chăm sóc rau ăn quả (dưa lưới, cà chua bi) trong nhà màng ứng dụng công nghệ cao” tại tỉnh Lâm Đồng năm 2025",content,5278,https://abi.com.vn/wp-content/uploads/2025/10/image-28.png,2025/10/image-28.png,True
5275,"Tập huấn “Quy trình kỹ thuật trồng và chăm sóc rau ăn quả (dưa lưới, cà chua bi) trong nhà màng ứng dụng công nghệ cao” tại tỉnh Lâm Đồng năm 2025",content,5279,https://abi.com.vn/wp-content/uploads/2025/10/image-29.png,2025/10/image-29.png,True
5275,"Tập huấn “Quy trình kỹ thuật trồng và chăm sóc rau ăn quả (dưa lưới, cà chua bi) trong nhà màng ứng dụng công nghệ cao” tại tỉnh Lâm Đồng năm 2025",content,5280,https://abi.com.vn/wp-content/uploads/2025/10/image-30.png,2025/10/image-30.png,True
5275,"Tập huấn “Quy trình kỹ thuật trồng và chăm sóc rau ăn quả (dưa lưới, cà chua bi) trong nhà màng ứng dụng công nghệ cao” tại tỉnh Lâm Đồng năm 2025",content,5281,https://abi.com.vn/wp-content/uploads/2025/10/image-31.png,2025/10/image-31.png,True
5275,"Tập huấn “Quy trình kỹ thuật trồng và chăm sóc rau ăn quả (dưa lưới, cà chua bi) trong nhà màng ứng dụng công nghệ cao” tại tỉnh Lâm Đồng năm 2025",content,5282,https://abi.com.vn/wp-content/uploads/2025/10/image-32.png,2025/10/image-32.png,True
5268,Tập huấn “Quy trình kỹ thuật sản xuất nấm C. millitaris ứng dụng công nghệ cao” tại tỉnh Lâm Đồng năm 2025,featured,5269,https://abi.com.vn/wp-content/uploads/2025/10/image-21.png,2025/10/image-21.png,True
5268,Tập huấn “Quy trình kỹ thuật sản xuất nấm C. millitaris ứng dụng công nghệ cao” tại tỉnh Lâm Đồng năm 2025,content,5269,https://abi.com.vn/wp-content/uploads/2025/10/image-21.png,2025/10/image-21.png,True
5268,Tập huấn “Quy trình kỹ thuật sản xuất nấm C. millitaris ứng dụng công nghệ cao” tại tỉnh Lâm Đồng năm 2025,content,5270,https://abi.com.vn/wp-content/uploads/2025/10/image-22.png,2025/10/image-22.png,True
5268,Tập huấn “Quy trình kỹ thuật sản xuất nấm C. millitaris ứng dụng công nghệ cao” tại tỉnh Lâm Đồng năm 2025,content,5271,https://abi.com.vn/wp-content/uploads/2025/10/image-23.png,2025/10/image-23.png,True
5268,Tập huấn “Quy trình kỹ thuật sản xuất nấm C. millitaris ứng dụng công nghệ cao” tại tỉnh Lâm Đồng năm 2025,content,5272,https://abi.com.vn/wp-content/uploads/2025/10/image-24.png,2025/10/image-24.png,True
5268,Tập huấn “Quy trình kỹ thuật sản xuất nấm C. millitaris ứng dụng công nghệ cao” tại tỉnh Lâm Đồng năm 2025,content,5273,https://abi.com.vn/wp-content/uploads/2025/10/image-25.png,2025/10/image-25.png,True
5253,Tổ chức lớp Tập huấn “Quy trình trồng hoa nền ứng dụng công nghệ cao trong điều kiện nhà màng” tại tỉnh Gia Lai năm 2025”,featured,5256,https://abi.com.vn/wp-content/uploads/2025/10/image-12.png,2025/10/image-12.png,True
5253,Tổ chức lớp Tập huấn “Quy trình trồng hoa nền ứng dụng công nghệ cao trong điều kiện nhà màng” tại tỉnh Gia Lai năm 2025”,content,5254,https://abi.com.vn/wp-content/uploads/2025/10/image-10.png,2025/10/image-10.png,True
5253,Tổ chức lớp Tập huấn “Quy trình trồng hoa nền ứng dụng công nghệ cao trong điều kiện nhà màng” tại tỉnh Gia Lai năm 2025”,content,5255,https://abi.com.vn/wp-content/uploads/2025/10/image-11.png,2025/10/image-11.png,True
5253,Tổ chức lớp Tập huấn “Quy trình trồng hoa nền ứng dụng công nghệ cao trong điều kiện nhà màng” tại tỉnh Gia Lai năm 2025”,content,5256,https://abi.com.vn/wp-content/uploads/2025/10/image-12.png,2025/10/image-12.png,True
5253,Tổ chức lớp Tập huấn “Quy trình trồng hoa nền ứng dụng công nghệ cao trong điều kiện nhà màng” tại tỉnh Gia Lai năm 2025”,content,5257,https://abi.com.vn/wp-content/uploads/2025/10/image-13.png,2025/10/image-13.png,True
5253,Tổ chức lớp Tập huấn “Quy trình trồng hoa nền ứng dụng công nghệ cao trong điều kiện nhà màng” tại tỉnh Gia Lai năm 2025”,content,5258,https://abi.com.vn/wp-content/uploads/2025/10/image-14.png,2025/10/image-14.png,True
5253,Tổ chức lớp Tập huấn “Quy trình trồng hoa nền ứng dụng công nghệ cao trong điều kiện nhà màng” tại tỉnh Gia Lai năm 2025”,content,5259,https://abi.com.vn/wp-content/uploads/2025/10/image-15.png,2025/10/image-15.png,True
5241,Tập huấn &#8220;Kỹ thuật nhân giống một số cây dược liệu bằng phương pháp nuôi cấy mô tế bào thực vật” tại tỉnh Thái Nguyên năm 2025”,featured,5242,https://abi.com.vn/wp-content/uploads/2025/10/image-3.png,2025/10/image-3.png,True
5241,Tập huấn &#8220;Kỹ thuật nhân giống một số cây dược liệu bằng phương pháp nuôi cấy mô tế bào thực vật” tại tỉnh Thái Nguyên năm 2025”,content,5242,https://abi.com.vn/wp-content/uploads/2025/10/image-3.png,2025/10/image-3.png,True
5241,Tập huấn &#8220;Kỹ thuật nhân giống một số cây dược liệu bằng phương pháp nuôi cấy mô tế bào thực vật” tại tỉnh Thái Nguyên năm 2025”,content,5243,https://abi.com.vn/wp-content/uploads/2025/10/image-4.png,2025/10/image-4.png,True
5241,Tập huấn &#8220;Kỹ thuật nhân giống một số cây dược liệu bằng phương pháp nuôi cấy mô tế bào thực vật” tại tỉnh Thái Nguyên năm 2025”,content,5244,https://abi.com.vn/wp-content/uploads/2025/10/image-5.png,2025/10/image-5.png,True
5241,Tập huấn &#8220;Kỹ thuật nhân giống một số cây dược liệu bằng phương pháp nuôi cấy mô tế bào thực vật” tại tỉnh Thái Nguyên năm 2025”,content,5245,https://abi.com.vn/wp-content/uploads/2025/10/image-6.png,2025/10/image-6.png,True
5236,Khóa tập huấn “Nâng cao năng lực quản trị cho doanh nghiệp khởi nghiệp” tại Cao Bằng,featured,5237,https://abi.com.vn/wp-content/uploads/2025/10/image.png,2025/10/image.png,True
5236,Khóa tập huấn “Nâng cao năng lực quản trị cho doanh nghiệp khởi nghiệp” tại Cao Bằng,content,5237,https://abi.com.vn/wp-content/uploads/2025/10/image.png,2025/10/image.png,True
5236,Khóa tập huấn “Nâng cao năng lực quản trị cho doanh nghiệp khởi nghiệp” tại Cao Bằng,content,5238,https://abi.com.vn/wp-content/uploads/2025/10/image-1.png,2025/10/image-1.png,True
5236,Khóa tập huấn “Nâng cao năng lực quản trị cho doanh nghiệp khởi nghiệp” tại Cao Bằng,content,5239,https://abi.com.vn/wp-content/uploads/2025/10/image-2.png,2025/10/image-2.png,True
5247,Ngày hội Đổi mới sáng tạo quốc gia,featured,5248,https://abi.com.vn/wp-content/uploads/2025/10/image-7.png,2025/10/image-7.png,True
5247,Ngày hội Đổi mới sáng tạo quốc gia,content,5248,https://abi.com.vn/wp-content/uploads/2025/10/image-7.png,2025/10/image-7.png,True
5247,Ngày hội Đổi mới sáng tạo quốc gia,content,5249,https://abi.com.vn/wp-content/uploads/2025/10/image-8.png,2025/10/image-8.png,True
5247,Ngày hội Đổi mới sáng tạo quốc gia,content,5250,https://abi.com.vn/wp-content/uploads/2025/10/image-9.png,2025/10/image-9.png,True
5231,ĐỔI MỚI SÁNG TẠO TOÀN DÂN – ĐỘNG LỰC PHÁT TRIỂN QUỐC GIA,featured,5232,https://abi.com.vn/wp-content/uploads/2025/09/image-44.png,2025/09/image-44.png,True
5231,ĐỔI MỚI SÁNG TẠO TOÀN DÂN – ĐỘNG LỰC PHÁT TRIỂN QUỐC GIA,content,5232,https://abi.com.vn/wp-content/uploads/2025/09/image-44.png,2025/09/image-44.png,True
5231,ĐỔI MỚI SÁNG TẠO TOÀN DÂN – ĐỘNG LỰC PHÁT TRIỂN QUỐC GIA,content,5233,https://abi.com.vn/wp-content/uploads/2025/09/2452-SKHCN-SHTT-amp-DMST-CV-Ve-huong-ung-Ngay-hoi-DMST-QG-signed-signed.pdf,,True
5226,SỬ DỤNG AI ĐỂ KIỂM SOÁT TẢO TRONG NUÔI THỦY SẢN,featured,5227,https://abi.com.vn/wp-content/uploads/2025/09/image-41.png,2025/09/image-41.png,True
5226,SỬ DỤNG AI ĐỂ KIỂM SOÁT TẢO TRONG NUÔI THỦY SẢN,content,5227,https://abi.com.vn/wp-content/uploads/2025/09/image-41.png,2025/09/image-41.png,True
5226,SỬ DỤNG AI ĐỂ KIỂM SOÁT TẢO TRONG NUÔI THỦY SẢN,content,5228,https://abi.com.vn/wp-content/uploads/2025/09/image-42.png,2025/09/image-42.png,True
5226,SỬ DỤNG AI ĐỂ KIỂM SOÁT TẢO TRONG NUÔI THỦY SẢN,content,5229,https://abi.com.vn/wp-content/uploads/2025/09/image-43.png,2025/09/image-43.png,True
5222,NHÂN GIỐNG IN VITRO CÂYCÚC GAI DÀI Silybum marianum (L.) Gaertn,featured,5223,https://abi.com.vn/wp-content/uploads/2025/09/image-39.png,2025/09/image-39.png,True
5222,NHÂN GIỐNG IN VITRO CÂYCÚC GAI DÀI Silybum marianum (L.) Gaertn,content,5223,https://abi.com.vn/wp-content/uploads/2025/09/image-39.png,2025/09/image-39.png,True
5222,NHÂN GIỐNG IN VITRO CÂYCÚC GAI DÀI Silybum marianum (L.) Gaertn,content,5224,https://abi.com.vn/wp-content/uploads/2025/09/image-40.png,2025/09/image-40.png,True
5215,THÔNG BÁO Về việc tổ chức vòng Sơ tuyển cuộc thi “Khởi nghiệp đổi mới sáng tạo trong lĩnh vực nông nghiệp ứng dụng công nghệ cao năm 2025”,content,5216,https://abi.com.vn/wp-content/uploads/2025/09/04.TB-BTCCT.signed.pdf,,True
5204,"Tập huấn “Kỹ thuật sản xuất giống cá rô phi đơn tính đực” và “Sản xuất và ứng dụng chế phẩm phân huỷ hữu cơ, thức ăn thừa, hỗ trợ khử độc nitrite trong xử lý ao nuôi thuỷ sản”",featured,5207,https://abi.com.vn/wp-content/uploads/2025/09/image-32.png,2025/09/image-32.png,True
5204,"Tập huấn “Kỹ thuật sản xuất giống cá rô phi đơn tính đực” và “Sản xuất và ứng dụng chế phẩm phân huỷ hữu cơ, thức ăn thừa, hỗ trợ khử độc nitrite trong xử lý ao nuôi thuỷ sản”",content,5205,https://abi.com.vn/wp-content/uploads/2025/09/image-30.png,2025/09/image-30.png,True
5204,"Tập huấn “Kỹ thuật sản xuất giống cá rô phi đơn tính đực” và “Sản xuất và ứng dụng chế phẩm phân huỷ hữu cơ, thức ăn thừa, hỗ trợ khử độc nitrite trong xử lý ao nuôi thuỷ sản”",content,5206,https://abi.com.vn/wp-content/uploads/2025/09/image-31.png,2025/09/image-31.png,True
5204,"Tập huấn “Kỹ thuật sản xuất giống cá rô phi đơn tính đực” và “Sản xuất và ứng dụng chế phẩm phân huỷ hữu cơ, thức ăn thừa, hỗ trợ khử độc nitrite trong xử lý ao nuôi thuỷ sản”",content,5207,https://abi.com.vn/wp-content/uploads/2025/09/image-32.png,2025/09/image-32.png,True
5204,"Tập huấn “Kỹ thuật sản xuất giống cá rô phi đơn tính đực” và “Sản xuất và ứng dụng chế phẩm phân huỷ hữu cơ, thức ăn thừa, hỗ trợ khử độc nitrite trong xử lý ao nuôi thuỷ sản”",content,5208,https://abi.com.vn/wp-content/uploads/2025/09/image-33.png,2025/09/image-33.png,True
5204,"Tập huấn “Kỹ thuật sản xuất giống cá rô phi đơn tính đực” và “Sản xuất và ứng dụng chế phẩm phân huỷ hữu cơ, thức ăn thừa, hỗ trợ khử độc nitrite trong xử lý ao nuôi thuỷ sản”",content,5209,https://abi.com.vn/wp-content/uploads/2025/09/image-34.png,2025/09/image-34.png,True
5204,"Tập huấn “Kỹ thuật sản xuất giống cá rô phi đơn tính đực” và “Sản xuất và ứng dụng chế phẩm phân huỷ hữu cơ, thức ăn thừa, hỗ trợ khử độc nitrite trong xử lý ao nuôi thuỷ sản”",content,5210,https://abi.com.vn/wp-content/uploads/2025/09/image-35.png,2025/09/image-35.png,True
5204,"Tập huấn “Kỹ thuật sản xuất giống cá rô phi đơn tính đực” và “Sản xuất và ứng dụng chế phẩm phân huỷ hữu cơ, thức ăn thừa, hỗ trợ khử độc nitrite trong xử lý ao nuôi thuỷ sản”",content,5211,https://abi.com.vn/wp-content/uploads/2025/09/image-36.png,2025/09/image-36.png,True
5204,"Tập huấn “Kỹ thuật sản xuất giống cá rô phi đơn tính đực” và “Sản xuất và ứng dụng chế phẩm phân huỷ hữu cơ, thức ăn thừa, hỗ trợ khử độc nitrite trong xử lý ao nuôi thuỷ sản”",content,5212,https://abi.com.vn/wp-content/uploads/2025/09/image-37.png,2025/09/image-37.png,True
5204,"Tập huấn “Kỹ thuật sản xuất giống cá rô phi đơn tính đực” và “Sản xuất và ứng dụng chế phẩm phân huỷ hữu cơ, thức ăn thừa, hỗ trợ khử độc nitrite trong xử lý ao nuôi thuỷ sản”",content,5213,https://abi.com.vn/wp-content/uploads/2025/09/image-38.png,2025/09/image-38.png,True
5201,Sứa Biển – “Vũ Nữ của Đại Dương”,featured,5202,https://abi.com.vn/wp-content/uploads/2025/09/image-29.png,2025/09/image-29.png,True
5201,Sứa Biển – “Vũ Nữ của Đại Dương”,content,5202,https://abi.com.vn/wp-content/uploads/2025/09/image-29.png,2025/09/image-29.png,True
5197,KỸ THUẬT TRỒNG NẤM TRÀ TÂN TRONG PHÒNG LẠNH,featured,5198,https://abi.com.vn/wp-content/uploads/2025/09/image-27.png,2025/09/image-27.png,True
5197,KỸ THUẬT TRỒNG NẤM TRÀ TÂN TRONG PHÒNG LẠNH,content,5198,https://abi.com.vn/wp-content/uploads/2025/09/image-27.png,2025/09/image-27.png,True
5197,KỸ THUẬT TRỒNG NẤM TRÀ TÂN TRONG PHÒNG LẠNH,content,5199,https://abi.com.vn/wp-content/uploads/2025/09/image-28.png,2025/09/image-28.png,True
5183,"Hội thảo “Kết nối mạng lưới khởi nghiệp, hỗ trợ thúc đẩy hoạt động khởi nghiệp đổi mới sáng tạo khu vực đồng bằng sông Cửu Long”",featured,5195,https://abi.com.vn/wp-content/uploads/2025/09/image-26.png,2025/09/image-26.png,True
5183,"Hội thảo “Kết nối mạng lưới khởi nghiệp, hỗ trợ thúc đẩy hoạt động khởi nghiệp đổi mới sáng tạo khu vực đồng bằng sông Cửu Long”",content,5184,https://abi.com.vn/wp-content/uploads/2025/09/image-16.png,2025/09/image-16.png,True
5183,"Hội thảo “Kết nối mạng lưới khởi nghiệp, hỗ trợ thúc đẩy hoạt động khởi nghiệp đổi mới sáng tạo khu vực đồng bằng sông Cửu Long”",content,5195,https://abi.com.vn/wp-content/uploads/2025/09/image-26-1199x800.png,2025/09/image-26.png,True
5183,"Hội thảo “Kết nối mạng lưới khởi nghiệp, hỗ trợ thúc đẩy hoạt động khởi nghiệp đổi mới sáng tạo khu vực đồng bằng sông Cửu Long”",content,5187,https://abi.com.vn/wp-content/uploads/2025/09/image-19.png,2025/09/image-19.png,True
5183,"Hội thảo “Kết nối mạng lưới khởi nghiệp, hỗ trợ thúc đẩy hoạt động khởi nghiệp đổi mới sáng tạo khu vực đồng bằng sông Cửu Long”",content,5188,https://abi.com.vn/wp-content/uploads/2025/09/image-20.png,2025/09/image-20.png,True
5183,"Hội thảo “Kết nối mạng lưới khởi nghiệp, hỗ trợ thúc đẩy hoạt động khởi nghiệp đổi mới sáng tạo khu vực đồng bằng sông Cửu Long”",content,5189,https://abi.com.vn/wp-content/uploads/2025/09/image-21.png,2025/09/image-21.png,True
5183,"Hội thảo “Kết nối mạng lưới khởi nghiệp, hỗ trợ thúc đẩy hoạt động khởi nghiệp đổi mới sáng tạo khu vực đồng bằng sông Cửu Long”",content,5190,https://abi.com.vn/wp-content/uploads/2025/09/image-22.png,2025/09/image-22.png,True
5183,"Hội thảo “Kết nối mạng lưới khởi nghiệp, hỗ trợ thúc đẩy hoạt động khởi nghiệp đổi mới sáng tạo khu vực đồng bằng sông Cửu Long”",content,5192,https://abi.com.vn/wp-content/uploads/2025/09/image-24.png,2025/09/image-24.png,True
5183,"Hội thảo “Kết nối mạng lưới khởi nghiệp, hỗ trợ thúc đẩy hoạt động khởi nghiệp đổi mới sáng tạo khu vực đồng bằng sông Cửu Long”",content,5193,https://abi.com.vn/wp-content/uploads/2025/09/image-25.png,2025/09/image-25.png,True
5168,Tập huấn &#8221; Quy trình nhân giống in vitro cây Sâm cau&#8221; và  &#8221; Kỹ thuật trồng cây sâm cau hữu cơ ứng dụng công nghệ cao&#8221;,featured,5175,https://abi.com.vn/wp-content/uploads/2025/09/image-12.png,2025/09/image-12.png,True
5168,Tập huấn &#8221; Quy trình nhân giống in vitro cây Sâm cau&#8221; và  &#8221; Kỹ thuật trồng cây sâm cau hữu cơ ứng dụng công nghệ cao&#8221;,content,5169,https://abi.com.vn/wp-content/uploads/2025/09/image-6-1400x788.png,2025/09/image-6.png,True
5168,Tập huấn &#8221; Quy trình nhân giống in vitro cây Sâm cau&#8221; và  &#8221; Kỹ thuật trồng cây sâm cau hữu cơ ứng dụng công nghệ cao&#8221;,content,5170,https://abi.com.vn/wp-content/uploads/2025/09/image-7-1400x788.png,2025/09/image-7.png,True
5168,Tập huấn &#8221; Quy trình nhân giống in vitro cây Sâm cau&#8221; và  &#8221; Kỹ thuật trồng cây sâm cau hữu cơ ứng dụng công nghệ cao&#8221;,content,5171,https://abi.com.vn/wp-content/uploads/2025/09/image-8-1067x800.png,2025/09/image-8.png,True
5168,Tập huấn &#8221; Quy trình nhân giống in vitro cây Sâm cau&#8221; và  &#8221; Kỹ thuật trồng cây sâm cau hữu cơ ứng dụng công nghệ cao&#8221;,content,5172,https://abi.com.vn/wp-content/uploads/2025/09/image-9-1067x800.png,2025/09/image-9.png,True
5168,Tập huấn &#8221; Quy trình nhân giống in vitro cây Sâm cau&#8221; và  &#8221; Kỹ thuật trồng cây sâm cau hữu cơ ứng dụng công nghệ cao&#8221;,content,5173,https://abi.com.vn/wp-content/uploads/2025/09/image-10-1067x800.png,2025/09/image-10.png,True
5168,Tập huấn &#8221; Quy trình nhân giống in vitro cây Sâm cau&#8221; và  &#8221; Kỹ thuật trồng cây sâm cau hữu cơ ứng dụng công nghệ cao&#8221;,content,5174,https://abi.com.vn/wp-content/uploads/2025/09/image-11-1067x800.png,2025/09/image-11.png,True
5168,Tập huấn &#8221; Quy trình nhân giống in vitro cây Sâm cau&#8221; và  &#8221; Kỹ thuật trồng cây sâm cau hữu cơ ứng dụng công nghệ cao&#8221;,content,5176,https://abi.com.vn/wp-content/uploads/2025/09/image-13.png,2025/09/image-13.png,True
5168,Tập huấn &#8221; Quy trình nhân giống in vitro cây Sâm cau&#8221; và  &#8221; Kỹ thuật trồng cây sâm cau hữu cơ ứng dụng công nghệ cao&#8221;,content,5177,https://abi.com.vn/wp-content/uploads/2025/09/image-14-1067x800.png,2025/09/image-14.png,True
5168,Tập huấn &#8221; Quy trình nhân giống in vitro cây Sâm cau&#8221; và  &#8221; Kỹ thuật trồng cây sâm cau hữu cơ ứng dụng công nghệ cao&#8221;,content,5175,https://abi.com.vn/wp-content/uploads/2025/09/image-12-1400x788.png,2025/09/image-12.png,True
5168,Tập huấn &#8221; Quy trình nhân giống in vitro cây Sâm cau&#8221; và  &#8221; Kỹ thuật trồng cây sâm cau hữu cơ ứng dụng công nghệ cao&#8221;,content,5178,https://abi.com.vn/wp-content/uploads/2025/09/image-15-600x800.png,2025/09/image-15.png,True
5160,Tập huấn &#8221; Đổi mới mô hình kinh doanh và ứng dụng AI thông minh&#8221;,featured,5166,https://abi.com.vn/wp-content/uploads/2025/09/image-5.png,2025/09/image-5.png,True
5160,Tập huấn &#8221; Đổi mới mô hình kinh doanh và ứng dụng AI thông minh&#8221;,content,5161,https://abi.com.vn/wp-content/uploads/2025/09/image-1067x800.png,2025/09/image.png,True
5160,Tập huấn &#8221; Đổi mới mô hình kinh doanh và ứng dụng AI thông minh&#8221;,content,5164,https://abi.com.vn/wp-content/uploads/2025/09/image-3-1067x800.png,2025/09/image-3.png,True
5160,Tập huấn &#8221; Đổi mới mô hình kinh doanh và ứng dụng AI thông minh&#8221;,content,5163,https://abi.com.vn/wp-content/uploads/2025/09/image-2-1067x800.png,2025/09/image-2.png,True
5160,Tập huấn &#8221; Đổi mới mô hình kinh doanh và ứng dụng AI thông minh&#8221;,content,5165,https://abi.com.vn/wp-content/uploads/2025/09/image-4-1067x800.png,2025/09/image-4.png,True
5160,Tập huấn &#8221; Đổi mới mô hình kinh doanh và ứng dụng AI thông minh&#8221;,content,5166,https://abi.com.vn/wp-content/uploads/2025/09/image-5-1400x788.png,2025/09/image-5.png,True
5155,Ứng dụng công nghệ vi nhân giống trong sản xuất giống cây thủy sinh Ráy Anubias Pinto,featured,5156,https://abi.com.vn/wp-content/uploads/2025/08/image-35.png,2025/08/image-35.png,True
5155,Ứng dụng công nghệ vi nhân giống trong sản xuất giống cây thủy sinh Ráy Anubias Pinto,content,5156,https://abi.com.vn/wp-content/uploads/2025/08/image-35.png,2025/08/image-35.png,True
5150,Nuôi Cá Lóc Cảnh &#8211; Xu Hướng Mới Thúc Đẩy Thị Trường Cá Cảnh Phát Triển,featured,5152,https://abi.com.vn/wp-content/uploads/2025/08/image-33.png,2025/08/image-33.png,True
5150,Nuôi Cá Lóc Cảnh &#8211; Xu Hướng Mới Thúc Đẩy Thị Trường Cá Cảnh Phát Triển,content,5151,https://abi.com.vn/wp-content/uploads/2025/08/image-32.png,2025/08/image-32.png,True
5150,Nuôi Cá Lóc Cảnh &#8211; Xu Hướng Mới Thúc Đẩy Thị Trường Cá Cảnh Phát Triển,content,5152,https://abi.com.vn/wp-content/uploads/2025/08/image-33.png,2025/08/image-33.png,True
5150,Nuôi Cá Lóc Cảnh &#8211; Xu Hướng Mới Thúc Đẩy Thị Trường Cá Cảnh Phát Triển,content,5153,https://abi.com.vn/wp-content/uploads/2025/08/image-34.png,2025/08/image-34.png,True
5139,TẬP HUẤN QUY TRÌNH TRỒNG NẤM ĂN ỨNG DỤNG CÔNG NGHỆ CAO TẠI THÀNH PHỐ CẦN THƠ,featured,5144,https://abi.com.vn/wp-content/uploads/2025/08/image-28.png,2025/08/image-28.png,True
5139,TẬP HUẤN QUY TRÌNH TRỒNG NẤM ĂN ỨNG DỤNG CÔNG NGHỆ CAO TẠI THÀNH PHỐ CẦN THƠ,content,5140,https://abi.com.vn/wp-content/uploads/2025/08/image-24.png,2025/08/image-24.png,True
5139,TẬP HUẤN QUY TRÌNH TRỒNG NẤM ĂN ỨNG DỤNG CÔNG NGHỆ CAO TẠI THÀNH PHỐ CẦN THƠ,content,5141,https://abi.com.vn/wp-content/uploads/2025/08/image-25.png,2025/08/image-25.png,True
5139,TẬP HUẤN QUY TRÌNH TRỒNG NẤM ĂN ỨNG DỤNG CÔNG NGHỆ CAO TẠI THÀNH PHỐ CẦN THƠ,content,5144,https://abi.com.vn/wp-content/uploads/2025/08/image-28.png,2025/08/image-28.png,True
5139,TẬP HUẤN QUY TRÌNH TRỒNG NẤM ĂN ỨNG DỤNG CÔNG NGHỆ CAO TẠI THÀNH PHỐ CẦN THƠ,content,5145,https://abi.com.vn/wp-content/uploads/2025/08/image-29.png,2025/08/image-29.png,True
5139,TẬP HUẤN QUY TRÌNH TRỒNG NẤM ĂN ỨNG DỤNG CÔNG NGHỆ CAO TẠI THÀNH PHỐ CẦN THƠ,content,5146,https://abi.com.vn/wp-content/uploads/2025/08/image-30.png,2025/08/image-30.png,True
5139,TẬP HUẤN QUY TRÌNH TRỒNG NẤM ĂN ỨNG DỤNG CÔNG NGHỆ CAO TẠI THÀNH PHỐ CẦN THƠ,content,5147,https://abi.com.vn/wp-content/uploads/2025/08/image-31.png,2025/08/image-31.png,True
5133,Ban hành Nghị định quy định chi tiết một số điều của Luật Giao dịch điện tử,content,5134,https://abi.com.vn/wp-content/uploads/2025/08/02.-CV-gui-UBND-TP.signed.signed.pdf,,True
5133,Ban hành Nghị định quy định chi tiết một số điều của Luật Giao dịch điện tử,content,5137,https://abi.com.vn/wp-content/uploads/2025/08/1028.VP-21-7-25.pdf,,True
5133,Ban hành Nghị định quy định chi tiết một số điều của Luật Giao dịch điện tử,content,5136,https://abi.com.vn/wp-content/uploads/2025/08/1230-UBND-VX-trienkhai_ND194_v1_signed.pdf,,True
5133,Ban hành Nghị định quy định chi tiết một số điều của Luật Giao dịch điện tử,content,5135,https://abi.com.vn/wp-content/uploads/2025/08/T08-18-CV_trienkhai_ND194_v1_signed.pdf,,True
5122,Kỹ thuật trồng cây Trầu bà đế vương hậu cấy mô giai đoạn vườn ươm,featured,5124,https://abi.com.vn/wp-content/uploads/2025/08/image-17.png,2025/08/image-17.png,True
5122,Kỹ thuật trồng cây Trầu bà đế vương hậu cấy mô giai đoạn vườn ươm,content,5123,https://abi.com.vn/wp-content/uploads/2025/08/image-16.png,2025/08/image-16.png,True
5122,Kỹ thuật trồng cây Trầu bà đế vương hậu cấy mô giai đoạn vườn ươm,content,5124,https://abi.com.vn/wp-content/uploads/2025/08/image-17.png,2025/08/image-17.png,True
5122,Kỹ thuật trồng cây Trầu bà đế vương hậu cấy mô giai đoạn vườn ươm,content,5125,https://abi.com.vn/wp-content/uploads/2025/08/image-18.png,2025/08/image-18.png,True
5122,Kỹ thuật trồng cây Trầu bà đế vương hậu cấy mô giai đoạn vườn ươm,content,5126,https://abi.com.vn/wp-content/uploads/2025/08/image-19.png,2025/08/image-19.png,True
5122,Kỹ thuật trồng cây Trầu bà đế vương hậu cấy mô giai đoạn vườn ươm,content,5127,https://abi.com.vn/wp-content/uploads/2025/08/image-20.png,2025/08/image-20.png,True
5122,Kỹ thuật trồng cây Trầu bà đế vương hậu cấy mô giai đoạn vườn ươm,content,5128,https://abi.com.vn/wp-content/uploads/2025/08/image-21.png,2025/08/image-21.png,True
5122,Kỹ thuật trồng cây Trầu bà đế vương hậu cấy mô giai đoạn vườn ươm,content,5129,https://abi.com.vn/wp-content/uploads/2025/08/image-22.png,2025/08/image-22.png,True
5122,Kỹ thuật trồng cây Trầu bà đế vương hậu cấy mô giai đoạn vườn ươm,content,5130,https://abi.com.vn/wp-content/uploads/2025/08/image-23.png,2025/08/image-23.png,True
5117,🐚 Quá trình sinh sản của ốc hương,featured,5118,https://abi.com.vn/wp-content/uploads/2025/08/image-15.png,2025/08/image-15.png,True
5117,🐚 Quá trình sinh sản của ốc hương,content,5118,https://abi.com.vn/wp-content/uploads/2025/08/image-15.png,2025/08/image-15.png,True
5114,CÔNG NGHỆ MBBR: TƯƠNG LAI CỦA NUÔI TRỒNG THỦY SẢN XANH,featured,5115,https://abi.com.vn/wp-content/uploads/2025/08/image-14.png,2025/08/image-14.png,True
5114,CÔNG NGHỆ MBBR: TƯƠNG LAI CỦA NUÔI TRỒNG THỦY SẢN XANH,content,5115,https://abi.com.vn/wp-content/uploads/2025/08/image-14.png,2025/08/image-14.png,True
5110,SỬ DỤNG CHẾ PHẨM SINH HỌC TRONG NÔNG NGHIỆP,featured,5111,https://abi.com.vn/wp-content/uploads/2025/08/image-12.png,2025/08/image-12.png,True
5110,SỬ DỤNG CHẾ PHẨM SINH HỌC TRONG NÔNG NGHIỆP,content,5111,https://abi.com.vn/wp-content/uploads/2025/08/image-12.png,2025/08/image-12.png,True
5110,SỬ DỤNG CHẾ PHẨM SINH HỌC TRONG NÔNG NGHIỆP,content,5112,https://abi.com.vn/wp-content/uploads/2025/08/image-13.png,2025/08/image-13.png,True
5104,"Triển khai Nghị quyết 201/2025/QH15 về thí điểm một số cơ chế, chính sách đặc thù phát triển nhà ở xã hội",content,5105,https://abi.com.vn/wp-content/uploads/2025/08/26-KH-UBND-Du_thao_ke_hoach_signed1.pdf,,True
5104,"Triển khai Nghị quyết 201/2025/QH15 về thí điểm một số cơ chế, chính sách đặc thù phát triển nhà ở xã hội",content,5106,https://abi.com.vn/wp-content/uploads/2025/08/986-NNCNC-VP-signed.pdf,,True
5097,"KẾ HOẠCH Triển khai thực hiện các Luật, Nghị quyết được Quốc hội khóa XV thông qua tại Kỳ họp thứ 9",content,5098,https://abi.com.vn/wp-content/uploads/2025/08/270.KH_.TTUT_.pdf,,True
5097,"KẾ HOẠCH Triển khai thực hiện các Luật, Nghị quyết được Quốc hội khóa XV thông qua tại Kỳ họp thứ 9",content,5099,https://abi.com.vn/wp-content/uploads/2025/08/500-UBND-TH-CV_trien_khai_Luat-_NQ_ky_hop_thu_9_signed.pdf,,True
5097,"KẾ HOẠCH Triển khai thực hiện các Luật, Nghị quyết được Quốc hội khóa XV thông qua tại Kỳ họp thứ 9",content,5100,https://abi.com.vn/wp-content/uploads/2025/08/919-NNCNC-VP-signed.pdf,,True
5097,"KẾ HOẠCH Triển khai thực hiện các Luật, Nghị quyết được Quốc hội khóa XV thông qua tại Kỳ họp thứ 9",content,5102,https://abi.com.vn/wp-content/uploads/2025/08/dinh-kem-cac-luat-nghi-quyet.pdf,,True
5072,Zerocircle cung cấp các giải pháp thay thế nhựa từ rong biển,featured,5075,https://abi.com.vn/wp-content/uploads/2025/08/image-10.png,2025/08/image-10.png,True
5072,Zerocircle cung cấp các giải pháp thay thế nhựa từ rong biển,content,5073,https://abi.com.vn/wp-content/uploads/2025/08/image-8.png,2025/08/image-8.png,True
5072,Zerocircle cung cấp các giải pháp thay thế nhựa từ rong biển,content,5075,https://abi.com.vn/wp-content/uploads/2025/08/image-10.png,2025/08/image-10.png,True
5062,Ứng dụng IoT trong sản xuất dưa lưới  giúp giảm chi phí nhân công và nâng cao chất lượng sản xuất cho người nông dân,featured,5068,https://abi.com.vn/wp-content/uploads/2025/08/image-5.png,2025/08/image-5.png,True
5062,Ứng dụng IoT trong sản xuất dưa lưới  giúp giảm chi phí nhân công và nâng cao chất lượng sản xuất cho người nông dân,content,5063,https://abi.com.vn/wp-content/uploads/2025/08/image.png,2025/08/image.png,True
5062,Ứng dụng IoT trong sản xuất dưa lưới  giúp giảm chi phí nhân công và nâng cao chất lượng sản xuất cho người nông dân,content,5064,https://abi.com.vn/wp-content/uploads/2025/08/image-1.png,2025/08/image-1.png,True
5062,Ứng dụng IoT trong sản xuất dưa lưới  giúp giảm chi phí nhân công và nâng cao chất lượng sản xuất cho người nông dân,content,5065,https://abi.com.vn/wp-content/uploads/2025/08/image-2.png,2025/08/image-2.png,True
5062,Ứng dụng IoT trong sản xuất dưa lưới  giúp giảm chi phí nhân công và nâng cao chất lượng sản xuất cho người nông dân,content,5067,https://abi.com.vn/wp-content/uploads/2025/08/image-4.png,2025/08/image-4.png,True
5062,Ứng dụng IoT trong sản xuất dưa lưới  giúp giảm chi phí nhân công và nâng cao chất lượng sản xuất cho người nông dân,content,5068,https://abi.com.vn/wp-content/uploads/2025/08/image-5.png,2025/08/image-5.png,True
5062,Ứng dụng IoT trong sản xuất dưa lưới  giúp giảm chi phí nhân công và nâng cao chất lượng sản xuất cho người nông dân,content,5069,https://abi.com.vn/wp-content/uploads/2025/08/image-6.png,2025/08/image-6.png,True
5062,Ứng dụng IoT trong sản xuất dưa lưới  giúp giảm chi phí nhân công và nâng cao chất lượng sản xuất cho người nông dân,content,5070,https://abi.com.vn/wp-content/uploads/2025/08/image-7.png,2025/08/image-7.png,True
5054,GIA HẠN NHẬN HỒ SƠ THAM GIA CUỘC THI &#8220;KHỞI NGHIỆP ĐỔI MỚI SÁNG TẠO TRONG LĨNH VỰC NÔNG NGHIỆP ỨNG DỤNG CÔNG NGHỆ CAO&#8221; NĂM 2025,featured,5055,https://abi.com.vn/wp-content/uploads/2025/07/Thong-bao-gia-han-scaled.jpg,2025/07/Thong-bao-gia-han-scaled.jpg,True
5054,GIA HẠN NHẬN HỒ SƠ THAM GIA CUỘC THI &#8220;KHỞI NGHIỆP ĐỔI MỚI SÁNG TẠO TRONG LĨNH VỰC NÔNG NGHIỆP ỨNG DỤNG CÔNG NGHỆ CAO&#8221; NĂM 2025,content,5059,https://abi.com.vn/wp-content/uploads/2025/07/02.TB-BTCCT.pdf,,True
5003,ĐỊNH LOẠI CÁ DỰA VÀO HÌNH THÁI ĐÁ TAI,featured,5004,https://abi.com.vn/wp-content/uploads/2025/07/1.png,2025/07/1.png,True
5003,ĐỊNH LOẠI CÁ DỰA VÀO HÌNH THÁI ĐÁ TAI,content,5004,https://abi.com.vn/wp-content/uploads/2025/07/1.png,2025/07/1.png,True
4993,Uống nước nhớ nguồn &#8211; Tri ân các thế hệ đi trước” nhân kỷ niệm 78 năm Ngày Thương binh &#8211; Liệt sĩ (27/7/1947 &#8211; 27/7/2025),featured,4999,https://abi.com.vn/wp-content/uploads/2025/07/524770536_122227967282153983_8414849491789950018_n.jpg,2025/07/524770536_122227967282153983_8414849491789950018_n.jpg,True
4993,Uống nước nhớ nguồn &#8211; Tri ân các thế hệ đi trước” nhân kỷ niệm 78 năm Ngày Thương binh &#8211; Liệt sĩ (27/7/1947 &#8211; 27/7/2025),content,4994,https://abi.com.vn/wp-content/uploads/2025/07/524211964_122227967096153983_118031218204740413_n-1067x800.jpg,2025/07/524211964_122227967096153983_118031218204740413_n.jpg,True
4993,Uống nước nhớ nguồn &#8211; Tri ân các thế hệ đi trước” nhân kỷ niệm 78 năm Ngày Thương binh &#8211; Liệt sĩ (27/7/1947 &#8211; 27/7/2025),content,5000,https://abi.com.vn/wp-content/uploads/2025/07/524334889_122227968368153983_5492929561059909183_n-600x800.jpg,2025/07/524334889_122227968368153983_5492929561059909183_n.jpg,True
4993,Uống nước nhớ nguồn &#8211; Tri ân các thế hệ đi trước” nhân kỷ niệm 78 năm Ngày Thương binh &#8211; Liệt sĩ (27/7/1947 &#8211; 27/7/2025),content,4998,https://abi.com.vn/wp-content/uploads/2025/07/524393092_122227969130153983_9160885097055097710_n-2.jpg,2025/07/524393092_122227969130153983_9160885097055097710_n-2.jpg,True
4993,Uống nước nhớ nguồn &#8211; Tri ân các thế hệ đi trước” nhân kỷ niệm 78 năm Ngày Thương binh &#8211; Liệt sĩ (27/7/1947 &#8211; 27/7/2025),content,4996,https://abi.com.vn/wp-content/uploads/2025/07/524688746_122227967294153983_6435371321209404180_n-1063x800.jpg,2025/07/524688746_122227967294153983_6435371321209404180_n.jpg,True
5046,CHỦ NHẬT XANH – CHI ĐOÀN HÀNH ĐỘNG!,featured,5051,https://abi.com.vn/wp-content/uploads/2025/07/a.jpg,2025/07/a.jpg,True
5046,CHỦ NHẬT XANH – CHI ĐOÀN HÀNH ĐỘNG!,content,5047,https://abi.com.vn/wp-content/uploads/2025/07/b.jpg,2025/07/b.jpg,True
5046,CHỦ NHẬT XANH – CHI ĐOÀN HÀNH ĐỘNG!,content,5048,https://abi.com.vn/wp-content/uploads/2025/07/e-600x800.jpg,2025/07/e.jpg,True
5046,CHỦ NHẬT XANH – CHI ĐOÀN HÀNH ĐỘNG!,content,5049,https://abi.com.vn/wp-content/uploads/2025/07/f-600x800.jpg,2025/07/f.jpg,True
5046,CHỦ NHẬT XANH – CHI ĐOÀN HÀNH ĐỘNG!,content,5050,https://abi.com.vn/wp-content/uploads/2025/07/g-600x800.jpg,2025/07/g.jpg,True
5046,CHỦ NHẬT XANH – CHI ĐOÀN HÀNH ĐỘNG!,content,5051,https://abi.com.vn/wp-content/uploads/2025/07/a.jpg,2025/07/a.jpg,True
5006,NHÂN GIỐNG IN VITRO CÂYYAM (Dioscorea composita Hemsl.),featured,5009,https://abi.com.vn/wp-content/uploads/2025/07/3-1.png,2025/07/3-1.png,True
5006,NHÂN GIỐNG IN VITRO CÂYYAM (Dioscorea composita Hemsl.),content,5009,https://abi.com.vn/wp-content/uploads/2025/07/3-1.png,2025/07/3-1.png,True
5011,Nghiên cứu tạo bột dầu gấc Mormordica Cochinchinensis Spreng,featured,5013,https://abi.com.vn/wp-content/uploads/2025/07/5.png,2025/07/5.png,True
5011,Nghiên cứu tạo bột dầu gấc Mormordica Cochinchinensis Spreng,content,5012,https://abi.com.vn/wp-content/uploads/2025/07/4.png,2025/07/4.png,True
5011,Nghiên cứu tạo bột dầu gấc Mormordica Cochinchinensis Spreng,content,5013,https://abi.com.vn/wp-content/uploads/2025/07/5.png,2025/07/5.png,True
5015,"ẢNH HƯỞNG LOẠI PHÂN HỮU CƠ VÀ HÀM LƯỢNG PHÂN NPK ĐẾN SINH TRƯỞNG, NĂNG SUẤT VÀ CHẤT LƯỢNG CỦ NGHỆ ĐEN (Curcuma zedoaria Rosc.)",featured,5017,https://abi.com.vn/wp-content/uploads/2025/07/6.jpg,2025/07/6.jpg,True
5018,Ảnh hưởng của giá thể và dinh dưỡng đến sinh trưởng của cây lan Kiếm (Cymbidium sp.) từ giống nuôi cấy mô giai đoạn vườn ươm,featured,5019,https://abi.com.vn/wp-content/uploads/2025/07/7.png,2025/07/7.png,True
5018,Ảnh hưởng của giá thể và dinh dưỡng đến sinh trưởng của cây lan Kiếm (Cymbidium sp.) từ giống nuôi cấy mô giai đoạn vườn ươm,content,5019,https://abi.com.vn/wp-content/uploads/2025/07/7.png,2025/07/7.png,True
5022,KHẢO SÁT CÁC YẾU TỐ ẢNH HƯỞNG ĐẾN NHÂN GIỐNGIN VITRO CÂY XUYÊN TÂM LIÊN (Andrographis paniculata),featured,5029,https://abi.com.vn/wp-content/uploads/2025/07/14.png,2025/07/14.png,True
5022,KHẢO SÁT CÁC YẾU TỐ ẢNH HƯỞNG ĐẾN NHÂN GIỐNGIN VITRO CÂY XUYÊN TÂM LIÊN (Andrographis paniculata),content,5023,https://abi.com.vn/wp-content/uploads/2025/07/8.png,2025/07/8.png,True
5022,KHẢO SÁT CÁC YẾU TỐ ẢNH HƯỞNG ĐẾN NHÂN GIỐNGIN VITRO CÂY XUYÊN TÂM LIÊN (Andrographis paniculata),content,5024,https://abi.com.vn/wp-content/uploads/2025/07/9.png,2025/07/9.png,True
5022,KHẢO SÁT CÁC YẾU TỐ ẢNH HƯỞNG ĐẾN NHÂN GIỐNGIN VITRO CÂY XUYÊN TÂM LIÊN (Andrographis paniculata),content,5025,https://abi.com.vn/wp-content/uploads/2025/07/10.png,2025/07/10.png,True
5022,KHẢO SÁT CÁC YẾU TỐ ẢNH HƯỞNG ĐẾN NHÂN GIỐNGIN VITRO CÂY XUYÊN TÂM LIÊN (Andrographis paniculata),content,5026,https://abi.com.vn/wp-content/uploads/2025/07/11.png,2025/07/11.png,True
5022,KHẢO SÁT CÁC YẾU TỐ ẢNH HƯỞNG ĐẾN NHÂN GIỐNGIN VITRO CÂY XUYÊN TÂM LIÊN (Andrographis paniculata),content,5027,https://abi.com.vn/wp-content/uploads/2025/07/12.png,2025/07/12.png,True
5022,KHẢO SÁT CÁC YẾU TỐ ẢNH HƯỞNG ĐẾN NHÂN GIỐNGIN VITRO CÂY XUYÊN TÂM LIÊN (Andrographis paniculata),content,5028,https://abi.com.vn/wp-content/uploads/2025/07/13.png,2025/07/13.png,True
5022,KHẢO SÁT CÁC YẾU TỐ ẢNH HƯỞNG ĐẾN NHÂN GIỐNGIN VITRO CÂY XUYÊN TÂM LIÊN (Andrographis paniculata),content,5029,https://abi.com.vn/wp-content/uploads/2025/07/14.png,2025/07/14.png,True
5032,ỨNG DỤNG TRÍ TUỆ NHÂN TẠO TRONG CHẨN ĐOÁN BỆNH TÔM SÚ TẠI VIỆT NAM: GIẢI PHÁP CÔNG NGHỆ MỚI CHO NGÀNH NUÔI TRỒNG THỦY SẢN,featured,5035,https://abi.com.vn/wp-content/uploads/2025/07/17.png,2025/07/17.png,True
5032,ỨNG DỤNG TRÍ TUỆ NHÂN TẠO TRONG CHẨN ĐOÁN BỆNH TÔM SÚ TẠI VIỆT NAM: GIẢI PHÁP CÔNG NGHỆ MỚI CHO NGÀNH NUÔI TRỒNG THỦY SẢN,content,5033,https://abi.com.vn/wp-content/uploads/2025/07/15.png,2025/07/15.png,True
5032,ỨNG DỤNG TRÍ TUỆ NHÂN TẠO TRONG CHẨN ĐOÁN BỆNH TÔM SÚ TẠI VIỆT NAM: GIẢI PHÁP CÔNG NGHỆ MỚI CHO NGÀNH NUÔI TRỒNG THỦY SẢN,content,5034,https://abi.com.vn/wp-content/uploads/2025/07/16.png,2025/07/16.png,True
5032,ỨNG DỤNG TRÍ TUỆ NHÂN TẠO TRONG CHẨN ĐOÁN BỆNH TÔM SÚ TẠI VIỆT NAM: GIẢI PHÁP CÔNG NGHỆ MỚI CHO NGÀNH NUÔI TRỒNG THỦY SẢN,content,5035,https://abi.com.vn/wp-content/uploads/2025/07/17.png,2025/07/17.png,True
5032,ỨNG DỤNG TRÍ TUỆ NHÂN TẠO TRONG CHẨN ĐOÁN BỆNH TÔM SÚ TẠI VIỆT NAM: GIẢI PHÁP CÔNG NGHỆ MỚI CHO NGÀNH NUÔI TRỒNG THỦY SẢN,content,5036,https://abi.com.vn/wp-content/uploads/2025/07/20.png,2025/07/20.png,True
5032,ỨNG DỤNG TRÍ TUỆ NHÂN TẠO TRONG CHẨN ĐOÁN BỆNH TÔM SÚ TẠI VIỆT NAM: GIẢI PHÁP CÔNG NGHỆ MỚI CHO NGÀNH NUÔI TRỒNG THỦY SẢN,content,5037,https://abi.com.vn/wp-content/uploads/2025/07/18.png,2025/07/18.png,True
5032,ỨNG DỤNG TRÍ TUỆ NHÂN TẠO TRONG CHẨN ĐOÁN BỆNH TÔM SÚ TẠI VIỆT NAM: GIẢI PHÁP CÔNG NGHỆ MỚI CHO NGÀNH NUÔI TRỒNG THỦY SẢN,content,5038,https://abi.com.vn/wp-content/uploads/2025/07/19.png,2025/07/19.png,True
4979,Trường Đại học Mở TP.HCM phát động Cuộc thi Khởi nghiệp đổi mới sáng tạo trong lĩnh vực nông nghiệp công nghệ cao năm 2025,featured,4985,https://abi.com.vn/wp-content/uploads/2025/07/image-32.png,2025/07/image-32.png,True
4979,Trường Đại học Mở TP.HCM phát động Cuộc thi Khởi nghiệp đổi mới sáng tạo trong lĩnh vực nông nghiệp công nghệ cao năm 2025,content,4981,https://abi.com.vn/wp-content/uploads/2025/07/image-28.png,2025/07/image-28.png,True
4979,Trường Đại học Mở TP.HCM phát động Cuộc thi Khởi nghiệp đổi mới sáng tạo trong lĩnh vực nông nghiệp công nghệ cao năm 2025,content,4982,https://abi.com.vn/wp-content/uploads/2025/07/image-29.png,2025/07/image-29.png,True
4979,Trường Đại học Mở TP.HCM phát động Cuộc thi Khởi nghiệp đổi mới sáng tạo trong lĩnh vực nông nghiệp công nghệ cao năm 2025,content,4983,https://abi.com.vn/wp-content/uploads/2025/07/image-30.png,2025/07/image-30.png,True
4979,Trường Đại học Mở TP.HCM phát động Cuộc thi Khởi nghiệp đổi mới sáng tạo trong lĩnh vực nông nghiệp công nghệ cao năm 2025,content,4984,https://abi.com.vn/wp-content/uploads/2025/07/image-31.png,2025/07/image-31.png,True
4979,Trường Đại học Mở TP.HCM phát động Cuộc thi Khởi nghiệp đổi mới sáng tạo trong lĩnh vực nông nghiệp công nghệ cao năm 2025,content,4985,https://abi.com.vn/wp-content/uploads/2025/07/image-32.png,2025/07/image-32.png,True
4959,HỘI THẢO “CHUYỂN ĐỔI SỐ TRONG PHÁT TRIỂN NÔNG NGHIỆP BỀN VỮNG – ĐIỂM NHẤN NỔI BẬT TẠI HỘI CHỢ VÀ TRIỂN LÃM CÔNG NGHỆ QUỐC TẾ iTECH EXPO HỒ CHÍ MINH CITY 2025,featured,4967,https://abi.com.vn/wp-content/uploads/2025/07/image-24.png,2025/07/image-24.png,True
4959,HỘI THẢO “CHUYỂN ĐỔI SỐ TRONG PHÁT TRIỂN NÔNG NGHIỆP BỀN VỮNG – ĐIỂM NHẤN NỔI BẬT TẠI HỘI CHỢ VÀ TRIỂN LÃM CÔNG NGHỆ QUỐC TẾ iTECH EXPO HỒ CHÍ MINH CITY 2025,content,4960,https://abi.com.vn/wp-content/uploads/2025/07/image-17.png,2025/07/image-17.png,True
4959,HỘI THẢO “CHUYỂN ĐỔI SỐ TRONG PHÁT TRIỂN NÔNG NGHIỆP BỀN VỮNG – ĐIỂM NHẤN NỔI BẬT TẠI HỘI CHỢ VÀ TRIỂN LÃM CÔNG NGHỆ QUỐC TẾ iTECH EXPO HỒ CHÍ MINH CITY 2025,content,4961,https://abi.com.vn/wp-content/uploads/2025/07/image-18.png,2025/07/image-18.png,True
4959,HỘI THẢO “CHUYỂN ĐỔI SỐ TRONG PHÁT TRIỂN NÔNG NGHIỆP BỀN VỮNG – ĐIỂM NHẤN NỔI BẬT TẠI HỘI CHỢ VÀ TRIỂN LÃM CÔNG NGHỆ QUỐC TẾ iTECH EXPO HỒ CHÍ MINH CITY 2025,content,4962,https://abi.com.vn/wp-content/uploads/2025/07/image-19.png,2025/07/image-19.png,True
4959,HỘI THẢO “CHUYỂN ĐỔI SỐ TRONG PHÁT TRIỂN NÔNG NGHIỆP BỀN VỮNG – ĐIỂM NHẤN NỔI BẬT TẠI HỘI CHỢ VÀ TRIỂN LÃM CÔNG NGHỆ QUỐC TẾ iTECH EXPO HỒ CHÍ MINH CITY 2025,content,4963,https://abi.com.vn/wp-content/uploads/2025/07/image-20.png,2025/07/image-20.png,True
4959,HỘI THẢO “CHUYỂN ĐỔI SỐ TRONG PHÁT TRIỂN NÔNG NGHIỆP BỀN VỮNG – ĐIỂM NHẤN NỔI BẬT TẠI HỘI CHỢ VÀ TRIỂN LÃM CÔNG NGHỆ QUỐC TẾ iTECH EXPO HỒ CHÍ MINH CITY 2025,content,4964,https://abi.com.vn/wp-content/uploads/2025/07/image-21.png,2025/07/image-21.png,True
4959,HỘI THẢO “CHUYỂN ĐỔI SỐ TRONG PHÁT TRIỂN NÔNG NGHIỆP BỀN VỮNG – ĐIỂM NHẤN NỔI BẬT TẠI HỘI CHỢ VÀ TRIỂN LÃM CÔNG NGHỆ QUỐC TẾ iTECH EXPO HỒ CHÍ MINH CITY 2025,content,4965,https://abi.com.vn/wp-content/uploads/2025/07/image-22.png,2025/07/image-22.png,True
4959,HỘI THẢO “CHUYỂN ĐỔI SỐ TRONG PHÁT TRIỂN NÔNG NGHIỆP BỀN VỮNG – ĐIỂM NHẤN NỔI BẬT TẠI HỘI CHỢ VÀ TRIỂN LÃM CÔNG NGHỆ QUỐC TẾ iTECH EXPO HỒ CHÍ MINH CITY 2025,content,4966,https://abi.com.vn/wp-content/uploads/2025/07/image-23.png,2025/07/image-23.png,True
4959,HỘI THẢO “CHUYỂN ĐỔI SỐ TRONG PHÁT TRIỂN NÔNG NGHIỆP BỀN VỮNG – ĐIỂM NHẤN NỔI BẬT TẠI HỘI CHỢ VÀ TRIỂN LÃM CÔNG NGHỆ QUỐC TẾ iTECH EXPO HỒ CHÍ MINH CITY 2025,content,4967,https://abi.com.vn/wp-content/uploads/2025/07/image-24.png,2025/07/image-24.png,True
4959,HỘI THẢO “CHUYỂN ĐỔI SỐ TRONG PHÁT TRIỂN NÔNG NGHIỆP BỀN VỮNG – ĐIỂM NHẤN NỔI BẬT TẠI HỘI CHỢ VÀ TRIỂN LÃM CÔNG NGHỆ QUỐC TẾ iTECH EXPO HỒ CHÍ MINH CITY 2025,content,4968,https://abi.com.vn/wp-content/uploads/2025/07/image-25.png,2025/07/image-25.png,True
4959,HỘI THẢO “CHUYỂN ĐỔI SỐ TRONG PHÁT TRIỂN NÔNG NGHIỆP BỀN VỮNG – ĐIỂM NHẤN NỔI BẬT TẠI HỘI CHỢ VÀ TRIỂN LÃM CÔNG NGHỆ QUỐC TẾ iTECH EXPO HỒ CHÍ MINH CITY 2025,content,4969,https://abi.com.vn/wp-content/uploads/2025/07/image-26.png,2025/07/image-26.png,True
4956,"THÔNG BÁO V/v mời các tổ chức, doanh nghiệp tham gia tuyển chọn thực hiện nhiệm vụ khoa học và công nghệ",content,4957,https://abi.com.vn/wp-content/uploads/2025/07/228.TTUT_.KHTH_.pdf,,True
4945,THÔNG BÁO Về việc cập nhật địa chỉ trụ sở Trung tâm Ươm tạo Doanh nghiệp Nông nghiệp Công nghệ cao,content,4946,https://abi.com.vn/wp-content/uploads/2025/07/227.TB_.TTUT_.pdf,,True
4931,PHÁT ĐỘNG CUỘC THI “KHỞI NGHIỆP ĐỔI MỚI SÁNG TẠO TRONG NÔNG NGHIỆP ỨNG DỤNG CÔNG NGHỆ CAO NĂM 2025” TẠI ĐÀ NẴNG – KHU VỰC BẮC TRUNG BỘ VÀ DUYÊN HẢI MIỀN TRUNG,featured,4938,https://abi.com.vn/wp-content/uploads/2025/07/image-16.png,2025/07/image-16.png,True
4931,PHÁT ĐỘNG CUỘC THI “KHỞI NGHIỆP ĐỔI MỚI SÁNG TẠO TRONG NÔNG NGHIỆP ỨNG DỤNG CÔNG NGHỆ CAO NĂM 2025” TẠI ĐÀ NẴNG – KHU VỰC BẮC TRUNG BỘ VÀ DUYÊN HẢI MIỀN TRUNG,content,4932,https://abi.com.vn/wp-content/uploads/2025/07/image-10.png,2025/07/image-10.png,True
4931,PHÁT ĐỘNG CUỘC THI “KHỞI NGHIỆP ĐỔI MỚI SÁNG TẠO TRONG NÔNG NGHIỆP ỨNG DỤNG CÔNG NGHỆ CAO NĂM 2025” TẠI ĐÀ NẴNG – KHU VỰC BẮC TRUNG BỘ VÀ DUYÊN HẢI MIỀN TRUNG,content,4933,https://abi.com.vn/wp-content/uploads/2025/07/image-11.png,2025/07/image-11.png,True
4931,PHÁT ĐỘNG CUỘC THI “KHỞI NGHIỆP ĐỔI MỚI SÁNG TẠO TRONG NÔNG NGHIỆP ỨNG DỤNG CÔNG NGHỆ CAO NĂM 2025” TẠI ĐÀ NẴNG – KHU VỰC BẮC TRUNG BỘ VÀ DUYÊN HẢI MIỀN TRUNG,content,4934,https://abi.com.vn/wp-content/uploads/2025/07/image-12.png,2025/07/image-12.png,True
4931,PHÁT ĐỘNG CUỘC THI “KHỞI NGHIỆP ĐỔI MỚI SÁNG TẠO TRONG NÔNG NGHIỆP ỨNG DỤNG CÔNG NGHỆ CAO NĂM 2025” TẠI ĐÀ NẴNG – KHU VỰC BẮC TRUNG BỘ VÀ DUYÊN HẢI MIỀN TRUNG,content,4935,https://abi.com.vn/wp-content/uploads/2025/07/image-13.png,2025/07/image-13.png,True
4931,PHÁT ĐỘNG CUỘC THI “KHỞI NGHIỆP ĐỔI MỚI SÁNG TẠO TRONG NÔNG NGHIỆP ỨNG DỤNG CÔNG NGHỆ CAO NĂM 2025” TẠI ĐÀ NẴNG – KHU VỰC BẮC TRUNG BỘ VÀ DUYÊN HẢI MIỀN TRUNG,content,4936,https://abi.com.vn/wp-content/uploads/2025/07/image-14.png,2025/07/image-14.png,True
4931,PHÁT ĐỘNG CUỘC THI “KHỞI NGHIỆP ĐỔI MỚI SÁNG TẠO TRONG NÔNG NGHIỆP ỨNG DỤNG CÔNG NGHỆ CAO NĂM 2025” TẠI ĐÀ NẴNG – KHU VỰC BẮC TRUNG BỘ VÀ DUYÊN HẢI MIỀN TRUNG,content,4937,https://abi.com.vn/wp-content/uploads/2025/07/image-15.png,2025/07/image-15.png,True
4931,PHÁT ĐỘNG CUỘC THI “KHỞI NGHIỆP ĐỔI MỚI SÁNG TẠO TRONG NÔNG NGHIỆP ỨNG DỤNG CÔNG NGHỆ CAO NĂM 2025” TẠI ĐÀ NẴNG – KHU VỰC BẮC TRUNG BỘ VÀ DUYÊN HẢI MIỀN TRUNG,content,4938,https://abi.com.vn/wp-content/uploads/2025/07/image-16.png,2025/07/image-16.png,True
5040,SÔ CÔ LA SỮA BỔ SUNG CHẤT CHỐNG OXY HÓA TỪ VỎ ĐẬU PHỘNG VÀ BÃ CÀ PHÊ: GIẢI PHÁP DINH DƯỠNG MỚI TỪ PHỤ PHẨM NÔNG NGHIỆP,featured,5042,https://abi.com.vn/wp-content/uploads/2025/07/22.png,2025/07/22.png,True
5040,SÔ CÔ LA SỮA BỔ SUNG CHẤT CHỐNG OXY HÓA TỪ VỎ ĐẬU PHỘNG VÀ BÃ CÀ PHÊ: GIẢI PHÁP DINH DƯỠNG MỚI TỪ PHỤ PHẨM NÔNG NGHIỆP,content,5041,https://abi.com.vn/wp-content/uploads/2025/07/21.jpg,2025/07/21.jpg,True
5040,SÔ CÔ LA SỮA BỔ SUNG CHẤT CHỐNG OXY HÓA TỪ VỎ ĐẬU PHỘNG VÀ BÃ CÀ PHÊ: GIẢI PHÁP DINH DƯỠNG MỚI TỪ PHỤ PHẨM NÔNG NGHIỆP,content,5042,https://abi.com.vn/wp-content/uploads/2025/07/22-1200x800.png,2025/07/22.png,True
4925,TÂY NGUYÊN GẮN KẾT ĐỔI MỚI SÁNG TẠO VÀ CÔNG NGHỆ TRONG NÔNG NGHIỆP HIỆN ĐẠI,featured,4928,https://abi.com.vn/wp-content/uploads/2025/07/image-9.png,2025/07/image-9.png,True
4925,TÂY NGUYÊN GẮN KẾT ĐỔI MỚI SÁNG TẠO VÀ CÔNG NGHỆ TRONG NÔNG NGHIỆP HIỆN ĐẠI,content,4926,https://abi.com.vn/wp-content/uploads/2025/07/image-7.png,2025/07/image-7.png,True
4925,TÂY NGUYÊN GẮN KẾT ĐỔI MỚI SÁNG TẠO VÀ CÔNG NGHỆ TRONG NÔNG NGHIỆP HIỆN ĐẠI,content,4927,https://abi.com.vn/wp-content/uploads/2025/07/image-8.png,2025/07/image-8.png,True
4925,TÂY NGUYÊN GẮN KẾT ĐỔI MỚI SÁNG TẠO VÀ CÔNG NGHỆ TRONG NÔNG NGHIỆP HIỆN ĐẠI,content,4928,https://abi.com.vn/wp-content/uploads/2025/07/image-9.png,2025/07/image-9.png,True
4916,KỶ NIỆM 327 NĂM HÌNH THÀNH THÀNH PHỐ SÀI GÒN &#8211; CHỢ LỚN &#8211; GIA ĐỊNH &#8211; THÀNH PHỐ HỒ CHÍ MINH (1698 &#8211; 2025) VÀ KỶ NIỆM 49 NĂM NGÀY THÀNH PHỐ SÀI GÒN &#8211; GIA ĐỊNH CHÍNH THỨC VINH DỰ MANG TÊN CHỦ TỊCH HỒ CHÍ MINH (2/7/1976 &#8211; 2/7/2025),featured,4918,https://abi.com.vn/wp-content/uploads/2025/07/image-1.png,2025/07/image-1.png,True
4916,KỶ NIỆM 327 NĂM HÌNH THÀNH THÀNH PHỐ SÀI GÒN &#8211; CHỢ LỚN &#8211; GIA ĐỊNH &#8211; THÀNH PHỐ HỒ CHÍ MINH (1698 &#8211; 2025) VÀ KỶ NIỆM 49 NĂM NGÀY THÀNH PHỐ SÀI GÒN &#8211; GIA ĐỊNH CHÍNH THỨC VINH DỰ MANG TÊN CHỦ TỊCH HỒ CHÍ MINH (2/7/1976 &#8211; 2/7/2025),content,4917,https://abi.com.vn/wp-content/uploads/2025/07/image.png,2025/07/image.png,True
4916,KỶ NIỆM 327 NĂM HÌNH THÀNH THÀNH PHỐ SÀI GÒN &#8211; CHỢ LỚN &#8211; GIA ĐỊNH &#8211; THÀNH PHỐ HỒ CHÍ MINH (1698 &#8211; 2025) VÀ KỶ NIỆM 49 NĂM NGÀY THÀNH PHỐ SÀI GÒN &#8211; GIA ĐỊNH CHÍNH THỨC VINH DỰ MANG TÊN CHỦ TỊCH HỒ CHÍ MINH (2/7/1976 &#8211; 2/7/2025),content,4918,https://abi.com.vn/wp-content/uploads/2025/07/image-1.png,2025/07/image-1.png,True
4916,KỶ NIỆM 327 NĂM HÌNH THÀNH THÀNH PHỐ SÀI GÒN &#8211; CHỢ LỚN &#8211; GIA ĐỊNH &#8211; THÀNH PHỐ HỒ CHÍ MINH (1698 &#8211; 2025) VÀ KỶ NIỆM 49 NĂM NGÀY THÀNH PHỐ SÀI GÒN &#8211; GIA ĐỊNH CHÍNH THỨC VINH DỰ MANG TÊN CHỦ TỊCH HỒ CHÍ MINH (2/7/1976 &#8211; 2/7/2025),content,4919,https://abi.com.vn/wp-content/uploads/2025/07/image-2.png,2025/07/image-2.png,True
4916,KỶ NIỆM 327 NĂM HÌNH THÀNH THÀNH PHỐ SÀI GÒN &#8211; CHỢ LỚN &#8211; GIA ĐỊNH &#8211; THÀNH PHỐ HỒ CHÍ MINH (1698 &#8211; 2025) VÀ KỶ NIỆM 49 NĂM NGÀY THÀNH PHỐ SÀI GÒN &#8211; GIA ĐỊNH CHÍNH THỨC VINH DỰ MANG TÊN CHỦ TỊCH HỒ CHÍ MINH (2/7/1976 &#8211; 2/7/2025),content,4920,https://abi.com.vn/wp-content/uploads/2025/07/image-3.png,2025/07/image-3.png,True
4916,KỶ NIỆM 327 NĂM HÌNH THÀNH THÀNH PHỐ SÀI GÒN &#8211; CHỢ LỚN &#8211; GIA ĐỊNH &#8211; THÀNH PHỐ HỒ CHÍ MINH (1698 &#8211; 2025) VÀ KỶ NIỆM 49 NĂM NGÀY THÀNH PHỐ SÀI GÒN &#8211; GIA ĐỊNH CHÍNH THỨC VINH DỰ MANG TÊN CHỦ TỊCH HỒ CHÍ MINH (2/7/1976 &#8211; 2/7/2025),content,4921,https://abi.com.vn/wp-content/uploads/2025/07/image-4.png,2025/07/image-4.png,True
4916,KỶ NIỆM 327 NĂM HÌNH THÀNH THÀNH PHỐ SÀI GÒN &#8211; CHỢ LỚN &#8211; GIA ĐỊNH &#8211; THÀNH PHỐ HỒ CHÍ MINH (1698 &#8211; 2025) VÀ KỶ NIỆM 49 NĂM NGÀY THÀNH PHỐ SÀI GÒN &#8211; GIA ĐỊNH CHÍNH THỨC VINH DỰ MANG TÊN CHỦ TỊCH HỒ CHÍ MINH (2/7/1976 &#8211; 2/7/2025),content,4922,https://abi.com.vn/wp-content/uploads/2025/07/image-5.png,2025/07/image-5.png,True
4916,KỶ NIỆM 327 NĂM HÌNH THÀNH THÀNH PHỐ SÀI GÒN &#8211; CHỢ LỚN &#8211; GIA ĐỊNH &#8211; THÀNH PHỐ HỒ CHÍ MINH (1698 &#8211; 2025) VÀ KỶ NIỆM 49 NĂM NGÀY THÀNH PHỐ SÀI GÒN &#8211; GIA ĐỊNH CHÍNH THỨC VINH DỰ MANG TÊN CHỦ TỊCH HỒ CHÍ MINH (2/7/1976 &#8211; 2/7/2025),content,4923,https://abi.com.vn/wp-content/uploads/2025/07/image-6.png,2025/07/image-6.png,True
4907,"HỘI THI SÁNG TẠO KỸ THUẬT THÀNH PHỐ HỒ CHÍ MINH, LẦN THỨ 28",featured,4909,https://abi.com.vn/wp-content/uploads/2025/06/image-104.png,2025/06/image-104.png,True
4907,"HỘI THI SÁNG TẠO KỸ THUẬT THÀNH PHỐ HỒ CHÍ MINH, LẦN THỨ 28",content,4908,https://abi.com.vn/wp-content/uploads/2025/06/image-103.png,2025/06/image-103.png,True
4907,"HỘI THI SÁNG TẠO KỸ THUẬT THÀNH PHỐ HỒ CHÍ MINH, LẦN THỨ 28",content,4909,https://abi.com.vn/wp-content/uploads/2025/06/image-104.png,2025/06/image-104.png,True
4907,"HỘI THI SÁNG TẠO KỸ THUẬT THÀNH PHỐ HỒ CHÍ MINH, LẦN THỨ 28",content,4910,https://abi.com.vn/wp-content/uploads/2025/06/image-105.png,2025/06/image-105.png,True
4894,Gặp mặt kỷ niệm 24 năm ngày Gia đình Việt Nam (28/6/2001 – 28/6/2025),featured,4897,https://abi.com.vn/wp-content/uploads/2025/06/image-94.png,2025/06/image-94.png,True
4894,Gặp mặt kỷ niệm 24 năm ngày Gia đình Việt Nam (28/6/2001 – 28/6/2025),content,4895,https://abi.com.vn/wp-content/uploads/2025/06/image-92.png,2025/06/image-92.png,True
4894,Gặp mặt kỷ niệm 24 năm ngày Gia đình Việt Nam (28/6/2001 – 28/6/2025),content,4896,https://abi.com.vn/wp-content/uploads/2025/06/image-93.png,2025/06/image-93.png,True
4894,Gặp mặt kỷ niệm 24 năm ngày Gia đình Việt Nam (28/6/2001 – 28/6/2025),content,4897,https://abi.com.vn/wp-content/uploads/2025/06/image-94.png,2025/06/image-94.png,True
4894,Gặp mặt kỷ niệm 24 năm ngày Gia đình Việt Nam (28/6/2001 – 28/6/2025),content,4898,https://abi.com.vn/wp-content/uploads/2025/06/image-95.png,2025/06/image-95.png,True
4894,Gặp mặt kỷ niệm 24 năm ngày Gia đình Việt Nam (28/6/2001 – 28/6/2025),content,4899,https://abi.com.vn/wp-content/uploads/2025/06/image-96.png,2025/06/image-96.png,True
4894,Gặp mặt kỷ niệm 24 năm ngày Gia đình Việt Nam (28/6/2001 – 28/6/2025),content,4902,https://abi.com.vn/wp-content/uploads/2025/06/image-99.png,2025/06/image-99.png,True
4894,Gặp mặt kỷ niệm 24 năm ngày Gia đình Việt Nam (28/6/2001 – 28/6/2025),content,4903,https://abi.com.vn/wp-content/uploads/2025/06/image-100.png,2025/06/image-100.png,True
4894,Gặp mặt kỷ niệm 24 năm ngày Gia đình Việt Nam (28/6/2001 – 28/6/2025),content,4904,https://abi.com.vn/wp-content/uploads/2025/06/image-101.png,2025/06/image-101.png,True
4894,Gặp mặt kỷ niệm 24 năm ngày Gia đình Việt Nam (28/6/2001 – 28/6/2025),content,4905,https://abi.com.vn/wp-content/uploads/2025/06/image-102.png,2025/06/image-102.png,True
4889,LẾ KẾT NẠP ĐẢNG VIÊN MỚI CỦA CHI BỘ TRUNG TÂM ƯƠM TẠO DOANH NGHIỆP NÔNG NGHIỆP CÔNG NGHỆ CAO,featured,4891,https://abi.com.vn/wp-content/uploads/2025/06/image-90.png,2025/06/image-90.png,True
4889,LẾ KẾT NẠP ĐẢNG VIÊN MỚI CỦA CHI BỘ TRUNG TÂM ƯƠM TẠO DOANH NGHIỆP NÔNG NGHIỆP CÔNG NGHỆ CAO,content,4890,https://abi.com.vn/wp-content/uploads/2025/06/image-89.png,2025/06/image-89.png,True
4889,LẾ KẾT NẠP ĐẢNG VIÊN MỚI CỦA CHI BỘ TRUNG TÂM ƯƠM TẠO DOANH NGHIỆP NÔNG NGHIỆP CÔNG NGHỆ CAO,content,4891,https://abi.com.vn/wp-content/uploads/2025/06/image-90.png,2025/06/image-90.png,True
4889,LẾ KẾT NẠP ĐẢNG VIÊN MỚI CỦA CHI BỘ TRUNG TÂM ƯƠM TẠO DOANH NGHIỆP NÔNG NGHIỆP CÔNG NGHỆ CAO,content,4892,https://abi.com.vn/wp-content/uploads/2025/06/image-91.png,2025/06/image-91.png,True
4880,Phát động Cuộc thi Khởi nghiệp Đổi mới Sáng tạo trong lĩnh vực Nông nghiệp ứng dụng Công nghệ cao năm 2025 tại Trường Đại học Công Thương TP.HCM,featured,4881,https://abi.com.vn/wp-content/uploads/2025/06/image-83.png,2025/06/image-83.png,True
4880,Phát động Cuộc thi Khởi nghiệp Đổi mới Sáng tạo trong lĩnh vực Nông nghiệp ứng dụng Công nghệ cao năm 2025 tại Trường Đại học Công Thương TP.HCM,content,4881,https://abi.com.vn/wp-content/uploads/2025/06/image-83.png,2025/06/image-83.png,True
4880,Phát động Cuộc thi Khởi nghiệp Đổi mới Sáng tạo trong lĩnh vực Nông nghiệp ứng dụng Công nghệ cao năm 2025 tại Trường Đại học Công Thương TP.HCM,content,4882,https://abi.com.vn/wp-content/uploads/2025/06/image-84.png,2025/06/image-84.png,True
4880,Phát động Cuộc thi Khởi nghiệp Đổi mới Sáng tạo trong lĩnh vực Nông nghiệp ứng dụng Công nghệ cao năm 2025 tại Trường Đại học Công Thương TP.HCM,content,4883,https://abi.com.vn/wp-content/uploads/2025/06/image-85.png,2025/06/image-85.png,True
4880,Phát động Cuộc thi Khởi nghiệp Đổi mới Sáng tạo trong lĩnh vực Nông nghiệp ứng dụng Công nghệ cao năm 2025 tại Trường Đại học Công Thương TP.HCM,content,4884,https://abi.com.vn/wp-content/uploads/2025/06/image-86.png,2025/06/image-86.png,True
4880,Phát động Cuộc thi Khởi nghiệp Đổi mới Sáng tạo trong lĩnh vực Nông nghiệp ứng dụng Công nghệ cao năm 2025 tại Trường Đại học Công Thương TP.HCM,content,4885,https://abi.com.vn/wp-content/uploads/2025/06/image-87.png,2025/06/image-87.png,True
4880,Phát động Cuộc thi Khởi nghiệp Đổi mới Sáng tạo trong lĩnh vực Nông nghiệp ứng dụng Công nghệ cao năm 2025 tại Trường Đại học Công Thương TP.HCM,content,4886,https://abi.com.vn/wp-content/uploads/2025/06/image-88.png,2025/06/image-88.png,True
4872,HỘI THẢO CHUYỂN ĐỔI SỐ TRONG PHÁT TRIỂN NÔNG NGHIỆP BỀN VỮNG CÙNG SINH VIÊN TRƯỜNG ĐẠI HỌC CÔNG THƯƠNG TP. HỒ CHÍ MINH,featured,4875,https://abi.com.vn/wp-content/uploads/2025/06/image-79.png,2025/06/image-79.png,True
4872,HỘI THẢO CHUYỂN ĐỔI SỐ TRONG PHÁT TRIỂN NÔNG NGHIỆP BỀN VỮNG CÙNG SINH VIÊN TRƯỜNG ĐẠI HỌC CÔNG THƯƠNG TP. HỒ CHÍ MINH,content,4873,https://abi.com.vn/wp-content/uploads/2025/06/image-77.png,2025/06/image-77.png,True
4872,HỘI THẢO CHUYỂN ĐỔI SỐ TRONG PHÁT TRIỂN NÔNG NGHIỆP BỀN VỮNG CÙNG SINH VIÊN TRƯỜNG ĐẠI HỌC CÔNG THƯƠNG TP. HỒ CHÍ MINH,content,4874,https://abi.com.vn/wp-content/uploads/2025/06/image-78.png,2025/06/image-78.png,True
4872,HỘI THẢO CHUYỂN ĐỔI SỐ TRONG PHÁT TRIỂN NÔNG NGHIỆP BỀN VỮNG CÙNG SINH VIÊN TRƯỜNG ĐẠI HỌC CÔNG THƯƠNG TP. HỒ CHÍ MINH,content,4875,https://abi.com.vn/wp-content/uploads/2025/06/image-79.png,2025/06/image-79.png,True
4872,HỘI THẢO CHUYỂN ĐỔI SỐ TRONG PHÁT TRIỂN NÔNG NGHIỆP BỀN VỮNG CÙNG SINH VIÊN TRƯỜNG ĐẠI HỌC CÔNG THƯƠNG TP. HỒ CHÍ MINH,content,4876,https://abi.com.vn/wp-content/uploads/2025/06/image-80.png,2025/06/image-80.png,True
4872,HỘI THẢO CHUYỂN ĐỔI SỐ TRONG PHÁT TRIỂN NÔNG NGHIỆP BỀN VỮNG CÙNG SINH VIÊN TRƯỜNG ĐẠI HỌC CÔNG THƯƠNG TP. HỒ CHÍ MINH,content,4877,https://abi.com.vn/wp-content/uploads/2025/06/image-81.png,2025/06/image-81.png,True
4872,HỘI THẢO CHUYỂN ĐỔI SỐ TRONG PHÁT TRIỂN NÔNG NGHIỆP BỀN VỮNG CÙNG SINH VIÊN TRƯỜNG ĐẠI HỌC CÔNG THƯƠNG TP. HỒ CHÍ MINH,content,4878,https://abi.com.vn/wp-content/uploads/2025/06/image-82.png,2025/06/image-82.png,True
4863,HỘI THẢO “CHUYỂN ĐỔI SỐ VÀ ĐỔI MỚI SÁNG TẠO – ĐỘNG LỰC TĂNG TRƯỞNG MỚI CHO DOANH NGHIỆP TƯ NHÂN TRONG KỶ NGUYÊN AI VÀ NỀN KINH TẾ TRI THỨC”,featured,4864,https://abi.com.vn/wp-content/uploads/2025/06/image-70.png,2025/06/image-70.png,True
4863,HỘI THẢO “CHUYỂN ĐỔI SỐ VÀ ĐỔI MỚI SÁNG TẠO – ĐỘNG LỰC TĂNG TRƯỞNG MỚI CHO DOANH NGHIỆP TƯ NHÂN TRONG KỶ NGUYÊN AI VÀ NỀN KINH TẾ TRI THỨC”,content,4864,https://abi.com.vn/wp-content/uploads/2025/06/image-70.png,2025/06/image-70.png,True
4863,HỘI THẢO “CHUYỂN ĐỔI SỐ VÀ ĐỔI MỚI SÁNG TẠO – ĐỘNG LỰC TĂNG TRƯỞNG MỚI CHO DOANH NGHIỆP TƯ NHÂN TRONG KỶ NGUYÊN AI VÀ NỀN KINH TẾ TRI THỨC”,content,4865,https://abi.com.vn/wp-content/uploads/2025/06/image-71.png,2025/06/image-71.png,True
4863,HỘI THẢO “CHUYỂN ĐỔI SỐ VÀ ĐỔI MỚI SÁNG TẠO – ĐỘNG LỰC TĂNG TRƯỞNG MỚI CHO DOANH NGHIỆP TƯ NHÂN TRONG KỶ NGUYÊN AI VÀ NỀN KINH TẾ TRI THỨC”,content,4866,https://abi.com.vn/wp-content/uploads/2025/06/image-72.png,2025/06/image-72.png,True
4863,HỘI THẢO “CHUYỂN ĐỔI SỐ VÀ ĐỔI MỚI SÁNG TẠO – ĐỘNG LỰC TĂNG TRƯỞNG MỚI CHO DOANH NGHIỆP TƯ NHÂN TRONG KỶ NGUYÊN AI VÀ NỀN KINH TẾ TRI THỨC”,content,4867,https://abi.com.vn/wp-content/uploads/2025/06/image-73.png,2025/06/image-73.png,True
4863,HỘI THẢO “CHUYỂN ĐỔI SỐ VÀ ĐỔI MỚI SÁNG TẠO – ĐỘNG LỰC TĂNG TRƯỞNG MỚI CHO DOANH NGHIỆP TƯ NHÂN TRONG KỶ NGUYÊN AI VÀ NỀN KINH TẾ TRI THỨC”,content,4868,https://abi.com.vn/wp-content/uploads/2025/06/image-74.png,2025/06/image-74.png,True
4863,HỘI THẢO “CHUYỂN ĐỔI SỐ VÀ ĐỔI MỚI SÁNG TẠO – ĐỘNG LỰC TĂNG TRƯỞNG MỚI CHO DOANH NGHIỆP TƯ NHÂN TRONG KỶ NGUYÊN AI VÀ NỀN KINH TẾ TRI THỨC”,content,4869,https://abi.com.vn/wp-content/uploads/2025/06/image-75.png,2025/06/image-75.png,True
4863,HỘI THẢO “CHUYỂN ĐỔI SỐ VÀ ĐỔI MỚI SÁNG TẠO – ĐỘNG LỰC TĂNG TRƯỞNG MỚI CHO DOANH NGHIỆP TƯ NHÂN TRONG KỶ NGUYÊN AI VÀ NỀN KINH TẾ TRI THỨC”,content,4870,https://abi.com.vn/wp-content/uploads/2025/06/image-76.png,2025/06/image-76.png,True
4853,"TUẦN LỄ GIỐNG, NÔNG NGHIỆP CÔNG NGHỆ CAO VÀ SINH VẬT CẢNH TP. HỒ CHÍ MINH NĂM 2025",featured,4854,https://abi.com.vn/wp-content/uploads/2025/06/image-62.png,2025/06/image-62.png,True
4853,"TUẦN LỄ GIỐNG, NÔNG NGHIỆP CÔNG NGHỆ CAO VÀ SINH VẬT CẢNH TP. HỒ CHÍ MINH NĂM 2025",content,4854,https://abi.com.vn/wp-content/uploads/2025/06/image-62.png,2025/06/image-62.png,True
4853,"TUẦN LỄ GIỐNG, NÔNG NGHIỆP CÔNG NGHỆ CAO VÀ SINH VẬT CẢNH TP. HỒ CHÍ MINH NĂM 2025",content,4855,https://abi.com.vn/wp-content/uploads/2025/06/image-63.png,2025/06/image-63.png,True
4853,"TUẦN LỄ GIỐNG, NÔNG NGHIỆP CÔNG NGHỆ CAO VÀ SINH VẬT CẢNH TP. HỒ CHÍ MINH NĂM 2025",content,4856,https://abi.com.vn/wp-content/uploads/2025/06/image-64.png,2025/06/image-64.png,True
4853,"TUẦN LỄ GIỐNG, NÔNG NGHIỆP CÔNG NGHỆ CAO VÀ SINH VẬT CẢNH TP. HỒ CHÍ MINH NĂM 2025",content,4857,https://abi.com.vn/wp-content/uploads/2025/06/image-65.png,2025/06/image-65.png,True
4853,"TUẦN LỄ GIỐNG, NÔNG NGHIỆP CÔNG NGHỆ CAO VÀ SINH VẬT CẢNH TP. HỒ CHÍ MINH NĂM 2025",content,4858,https://abi.com.vn/wp-content/uploads/2025/06/image-66.png,2025/06/image-66.png,True
4853,"TUẦN LỄ GIỐNG, NÔNG NGHIỆP CÔNG NGHỆ CAO VÀ SINH VẬT CẢNH TP. HỒ CHÍ MINH NĂM 2025",content,4859,https://abi.com.vn/wp-content/uploads/2025/06/image-67.png,2025/06/image-67.png,True
4853,"TUẦN LỄ GIỐNG, NÔNG NGHIỆP CÔNG NGHỆ CAO VÀ SINH VẬT CẢNH TP. HỒ CHÍ MINH NĂM 2025",content,4860,https://abi.com.vn/wp-content/uploads/2025/06/image-68.png,2025/06/image-68.png,True
4853,"TUẦN LỄ GIỐNG, NÔNG NGHIỆP CÔNG NGHỆ CAO VÀ SINH VẬT CẢNH TP. HỒ CHÍ MINH NĂM 2025",content,4861,https://abi.com.vn/wp-content/uploads/2025/06/image-69.png,2025/06/image-69.png,True
4845,Lễ Công bố và Phát động Cuộc thi Khởi nghiệp Đổi mới Sáng tạo trong lĩnh vực Nông nghiệp ứng dụng Công nghệ cao năm 2025 – Khu vực Đồng bằng sông Cửu Long,featured,4849,https://abi.com.vn/wp-content/uploads/2025/06/image-60.png,2025/06/image-60.png,True
4845,Lễ Công bố và Phát động Cuộc thi Khởi nghiệp Đổi mới Sáng tạo trong lĩnh vực Nông nghiệp ứng dụng Công nghệ cao năm 2025 – Khu vực Đồng bằng sông Cửu Long,content,4846,https://abi.com.vn/wp-content/uploads/2025/06/image-57.png,2025/06/image-57.png,True
4845,Lễ Công bố và Phát động Cuộc thi Khởi nghiệp Đổi mới Sáng tạo trong lĩnh vực Nông nghiệp ứng dụng Công nghệ cao năm 2025 – Khu vực Đồng bằng sông Cửu Long,content,4847,https://abi.com.vn/wp-content/uploads/2025/06/image-58.png,2025/06/image-58.png,True
4845,Lễ Công bố và Phát động Cuộc thi Khởi nghiệp Đổi mới Sáng tạo trong lĩnh vực Nông nghiệp ứng dụng Công nghệ cao năm 2025 – Khu vực Đồng bằng sông Cửu Long,content,4848,https://abi.com.vn/wp-content/uploads/2025/06/image-59.png,2025/06/image-59.png,True
4845,Lễ Công bố và Phát động Cuộc thi Khởi nghiệp Đổi mới Sáng tạo trong lĩnh vực Nông nghiệp ứng dụng Công nghệ cao năm 2025 – Khu vực Đồng bằng sông Cửu Long,content,4849,https://abi.com.vn/wp-content/uploads/2025/06/image-60.png,2025/06/image-60.png,True
4845,Lễ Công bố và Phát động Cuộc thi Khởi nghiệp Đổi mới Sáng tạo trong lĩnh vực Nông nghiệp ứng dụng Công nghệ cao năm 2025 – Khu vực Đồng bằng sông Cửu Long,content,4850,https://abi.com.vn/wp-content/uploads/2025/06/image-61.png,2025/06/image-61.png,True
4831,Lễ Công bố và Phát động Cuộc thi Khởi nghiệp Đổi mới Sáng tạo trong lĩnh vực Nông nghiệp ứng dụng Công nghệ cao năm 2025 – Khu vực Đồng bằng sông Hồng,featured,4842,https://abi.com.vn/wp-content/uploads/2025/06/image-55.png,2025/06/image-55.png,True
4831,Lễ Công bố và Phát động Cuộc thi Khởi nghiệp Đổi mới Sáng tạo trong lĩnh vực Nông nghiệp ứng dụng Công nghệ cao năm 2025 – Khu vực Đồng bằng sông Hồng,content,4832,https://abi.com.vn/wp-content/uploads/2025/06/image-45.png,2025/06/image-45.png,True
4831,Lễ Công bố và Phát động Cuộc thi Khởi nghiệp Đổi mới Sáng tạo trong lĩnh vực Nông nghiệp ứng dụng Công nghệ cao năm 2025 – Khu vực Đồng bằng sông Hồng,content,4833,https://abi.com.vn/wp-content/uploads/2025/06/image-46.png,2025/06/image-46.png,True
4831,Lễ Công bố và Phát động Cuộc thi Khởi nghiệp Đổi mới Sáng tạo trong lĩnh vực Nông nghiệp ứng dụng Công nghệ cao năm 2025 – Khu vực Đồng bằng sông Hồng,content,4834,https://abi.com.vn/wp-content/uploads/2025/06/image-47.png,2025/06/image-47.png,True
4831,Lễ Công bố và Phát động Cuộc thi Khởi nghiệp Đổi mới Sáng tạo trong lĩnh vực Nông nghiệp ứng dụng Công nghệ cao năm 2025 – Khu vực Đồng bằng sông Hồng,content,4835,https://abi.com.vn/wp-content/uploads/2025/06/image-48.png,2025/06/image-48.png,True
4831,Lễ Công bố và Phát động Cuộc thi Khởi nghiệp Đổi mới Sáng tạo trong lĩnh vực Nông nghiệp ứng dụng Công nghệ cao năm 2025 – Khu vực Đồng bằng sông Hồng,content,4836,https://abi.com.vn/wp-content/uploads/2025/06/image-49.png,2025/06/image-49.png,True
4831,Lễ Công bố và Phát động Cuộc thi Khởi nghiệp Đổi mới Sáng tạo trong lĩnh vực Nông nghiệp ứng dụng Công nghệ cao năm 2025 – Khu vực Đồng bằng sông Hồng,content,4837,https://abi.com.vn/wp-content/uploads/2025/06/image-50.png,2025/06/image-50.png,True
4831,Lễ Công bố và Phát động Cuộc thi Khởi nghiệp Đổi mới Sáng tạo trong lĩnh vực Nông nghiệp ứng dụng Công nghệ cao năm 2025 – Khu vực Đồng bằng sông Hồng,content,4838,https://abi.com.vn/wp-content/uploads/2025/06/image-51.png,2025/06/image-51.png,True
4831,Lễ Công bố và Phát động Cuộc thi Khởi nghiệp Đổi mới Sáng tạo trong lĩnh vực Nông nghiệp ứng dụng Công nghệ cao năm 2025 – Khu vực Đồng bằng sông Hồng,content,4839,https://abi.com.vn/wp-content/uploads/2025/06/image-52.png,2025/06/image-52.png,True
4831,Lễ Công bố và Phát động Cuộc thi Khởi nghiệp Đổi mới Sáng tạo trong lĩnh vực Nông nghiệp ứng dụng Công nghệ cao năm 2025 – Khu vực Đồng bằng sông Hồng,content,4840,https://abi.com.vn/wp-content/uploads/2025/06/image-53.png,2025/06/image-53.png,True
4831,Lễ Công bố và Phát động Cuộc thi Khởi nghiệp Đổi mới Sáng tạo trong lĩnh vực Nông nghiệp ứng dụng Công nghệ cao năm 2025 – Khu vực Đồng bằng sông Hồng,content,4841,https://abi.com.vn/wp-content/uploads/2025/06/image-54.png,2025/06/image-54.png,True
4831,Lễ Công bố và Phát động Cuộc thi Khởi nghiệp Đổi mới Sáng tạo trong lĩnh vực Nông nghiệp ứng dụng Công nghệ cao năm 2025 – Khu vực Đồng bằng sông Hồng,content,4842,https://abi.com.vn/wp-content/uploads/2025/06/image-55.png,2025/06/image-55.png,True
4831,Lễ Công bố và Phát động Cuộc thi Khởi nghiệp Đổi mới Sáng tạo trong lĩnh vực Nông nghiệp ứng dụng Công nghệ cao năm 2025 – Khu vực Đồng bằng sông Hồng,content,4843,https://abi.com.vn/wp-content/uploads/2025/06/image-56.png,2025/06/image-56.png,True
4825,"Hội nghị tập huấn Sở hữu trí tuệ và Quản trị tài sản trí tuệ phát triển bền vững trong thương mại điện tử – Dấu ấn hợp tác vùng giữa Ban Quản lý Khu Nông nghiệp Công nghệ cao Thành phố Hồ Chí Minh với Sở Kha học và Công nghệ tỉnh Cao Bằng trong phát triển khoa học, công nghệ và đổi mới sáng tạo.",featured,4829,https://abi.com.vn/wp-content/uploads/2025/06/image-44.png,2025/06/image-44.png,True
4825,"Hội nghị tập huấn Sở hữu trí tuệ và Quản trị tài sản trí tuệ phát triển bền vững trong thương mại điện tử – Dấu ấn hợp tác vùng giữa Ban Quản lý Khu Nông nghiệp Công nghệ cao Thành phố Hồ Chí Minh với Sở Kha học và Công nghệ tỉnh Cao Bằng trong phát triển khoa học, công nghệ và đổi mới sáng tạo.",content,4827,https://abi.com.vn/wp-content/uploads/2025/06/image-42.png,2025/06/image-42.png,True
4825,"Hội nghị tập huấn Sở hữu trí tuệ và Quản trị tài sản trí tuệ phát triển bền vững trong thương mại điện tử – Dấu ấn hợp tác vùng giữa Ban Quản lý Khu Nông nghiệp Công nghệ cao Thành phố Hồ Chí Minh với Sở Kha học và Công nghệ tỉnh Cao Bằng trong phát triển khoa học, công nghệ và đổi mới sáng tạo.",content,4828,https://abi.com.vn/wp-content/uploads/2025/06/image-43.png,2025/06/image-43.png,True
4825,"Hội nghị tập huấn Sở hữu trí tuệ và Quản trị tài sản trí tuệ phát triển bền vững trong thương mại điện tử – Dấu ấn hợp tác vùng giữa Ban Quản lý Khu Nông nghiệp Công nghệ cao Thành phố Hồ Chí Minh với Sở Kha học và Công nghệ tỉnh Cao Bằng trong phát triển khoa học, công nghệ và đổi mới sáng tạo.",content,4829,https://abi.com.vn/wp-content/uploads/2025/06/image-44.png,2025/06/image-44.png,True
4804,Phát động Cuộc thi Khởi nghiệp Đổi mới sáng tạo trong Nông nghiệp ứng dụng Công nghệ cao 2025 – Khu vực Vùng trung du và miền núi phía Bắc,featured,4822,https://abi.com.vn/wp-content/uploads/2025/06/image-40.png,2025/06/image-40.png,True
4804,Phát động Cuộc thi Khởi nghiệp Đổi mới sáng tạo trong Nông nghiệp ứng dụng Công nghệ cao 2025 – Khu vực Vùng trung du và miền núi phía Bắc,content,4815,https://abi.com.vn/wp-content/uploads/2025/06/image-33.png,2025/06/image-33.png,True
4804,Phát động Cuộc thi Khởi nghiệp Đổi mới sáng tạo trong Nông nghiệp ứng dụng Công nghệ cao 2025 – Khu vực Vùng trung du và miền núi phía Bắc,content,4816,https://abi.com.vn/wp-content/uploads/2025/06/image-34.png,2025/06/image-34.png,True
4804,Phát động Cuộc thi Khởi nghiệp Đổi mới sáng tạo trong Nông nghiệp ứng dụng Công nghệ cao 2025 – Khu vực Vùng trung du và miền núi phía Bắc,content,4817,https://abi.com.vn/wp-content/uploads/2025/06/image-35.png,2025/06/image-35.png,True
4804,Phát động Cuộc thi Khởi nghiệp Đổi mới sáng tạo trong Nông nghiệp ứng dụng Công nghệ cao 2025 – Khu vực Vùng trung du và miền núi phía Bắc,content,4818,https://abi.com.vn/wp-content/uploads/2025/06/image-36.png,2025/06/image-36.png,True
4804,Phát động Cuộc thi Khởi nghiệp Đổi mới sáng tạo trong Nông nghiệp ứng dụng Công nghệ cao 2025 – Khu vực Vùng trung du và miền núi phía Bắc,content,4819,https://abi.com.vn/wp-content/uploads/2025/06/image-37.png,2025/06/image-37.png,True
4804,Phát động Cuộc thi Khởi nghiệp Đổi mới sáng tạo trong Nông nghiệp ứng dụng Công nghệ cao 2025 – Khu vực Vùng trung du và miền núi phía Bắc,content,4820,https://abi.com.vn/wp-content/uploads/2025/06/image-38.png,2025/06/image-38.png,True
4804,Phát động Cuộc thi Khởi nghiệp Đổi mới sáng tạo trong Nông nghiệp ứng dụng Công nghệ cao 2025 – Khu vực Vùng trung du và miền núi phía Bắc,content,4821,https://abi.com.vn/wp-content/uploads/2025/06/image-39.png,2025/06/image-39.png,True
4804,Phát động Cuộc thi Khởi nghiệp Đổi mới sáng tạo trong Nông nghiệp ứng dụng Công nghệ cao 2025 – Khu vực Vùng trung du và miền núi phía Bắc,content,4822,https://abi.com.vn/wp-content/uploads/2025/06/image-40.png,2025/06/image-40.png,True
4770,TP Hồ Chí Minh: Phát động cuộc thi khởi nghiệp về nông nghiệp công nghệ cao,featured,4760,https://abi.com.vn/wp-content/uploads/2025/06/IMG_8381-scaled.jpg,2025/06/IMG_8381-scaled.jpg,True
4770,TP Hồ Chí Minh: Phát động cuộc thi khởi nghiệp về nông nghiệp công nghệ cao,content,,http://abi.com.vn/wp-content/uploads/2025/06/IMG_8381-1200x800.jpg,,False
4748,LỄ PHÁT ĐỘNG CUỘC THI KHỞI NGHIỆP ĐỔI MỚI SÁNG TẠO TRONG LĨNH VỰC NÔNG NGHIỆP ỨNG DỤNG CÔNG NGHỆ CAO NĂM 2025 &#8211; AGRITECH INNOVATION 2025,featured,4751,https://abi.com.vn/wp-content/uploads/2025/06/IMG_7748-1-scaled.jpg,2025/06/IMG_7748-1-scaled.jpg,True
4748,LỄ PHÁT ĐỘNG CUỘC THI KHỞI NGHIỆP ĐỔI MỚI SÁNG TẠO TRONG LĨNH VỰC NÔNG NGHIỆP ỨNG DỤNG CÔNG NGHỆ CAO NĂM 2025 &#8211; AGRITECH INNOVATION 2025,content,,https://abi.com.vn/wp-content/uploads/2025/06/IMG_7748-2-1112x800.jpg,,False
4748,LỄ PHÁT ĐỘNG CUỘC THI KHỞI NGHIỆP ĐỔI MỚI SÁNG TẠO TRONG LĨNH VỰC NÔNG NGHIỆP ỨNG DỤNG CÔNG NGHỆ CAO NĂM 2025 &#8211; AGRITECH INNOVATION 2025,content,,https://abi.com.vn/wp-content/uploads/2025/06/IMG_7863-910x800.jpg,,False
4748,LỄ PHÁT ĐỘNG CUỘC THI KHỞI NGHIỆP ĐỔI MỚI SÁNG TẠO TRONG LĨNH VỰC NÔNG NGHIỆP ỨNG DỤNG CÔNG NGHỆ CAO NĂM 2025 &#8211; AGRITECH INNOVATION 2025,content,,https://abi.com.vn/wp-content/uploads/2025/06/IMG_7928-1151x800.jpg,,False
4748,LỄ PHÁT ĐỘNG CUỘC THI KHỞI NGHIỆP ĐỔI MỚI SÁNG TẠO TRONG LĨNH VỰC NÔNG NGHIỆP ỨNG DỤNG CÔNG NGHỆ CAO NĂM 2025 &#8211; AGRITECH INNOVATION 2025,content,,https://abi.com.vn/wp-content/uploads/2025/06/IMG_7947-1216x800.jpg,,False
4748,LỄ PHÁT ĐỘNG CUỘC THI KHỞI NGHIỆP ĐỔI MỚI SÁNG TẠO TRONG LĨNH VỰC NÔNG NGHIỆP ỨNG DỤNG CÔNG NGHỆ CAO NĂM 2025 &#8211; AGRITECH INNOVATION 2025,content,,http://abi.com.vn/wp-content/uploads/2025/06/IMG_7985-1-1200x800.jpg,,False
4748,LỄ PHÁT ĐỘNG CUỘC THI KHỞI NGHIỆP ĐỔI MỚI SÁNG TẠO TRONG LĨNH VỰC NÔNG NGHIỆP ỨNG DỤNG CÔNG NGHỆ CAO NĂM 2025 &#8211; AGRITECH INNOVATION 2025,content,,https://abi.com.vn/wp-content/uploads/2025/06/IMG_7998-1200x800.jpg,,False
4748,LỄ PHÁT ĐỘNG CUỘC THI KHỞI NGHIỆP ĐỔI MỚI SÁNG TẠO TRONG LĨNH VỰC NÔNG NGHIỆP ỨNG DỤNG CÔNG NGHỆ CAO NĂM 2025 &#8211; AGRITECH INNOVATION 2025,content,,https://abi.com.vn/wp-content/uploads/2025/06/IMG_8279-1200x800.jpg,,False
4748,LỄ PHÁT ĐỘNG CUỘC THI KHỞI NGHIỆP ĐỔI MỚI SÁNG TẠO TRONG LĨNH VỰC NÔNG NGHIỆP ỨNG DỤNG CÔNG NGHỆ CAO NĂM 2025 &#8211; AGRITECH INNOVATION 2025,content,,https://abi.com.vn/wp-content/uploads/2025/06/IMG_8147-1200x800.jpg,,False
4748,LỄ PHÁT ĐỘNG CUỘC THI KHỞI NGHIỆP ĐỔI MỚI SÁNG TẠO TRONG LĨNH VỰC NÔNG NGHIỆP ỨNG DỤNG CÔNG NGHỆ CAO NĂM 2025 &#8211; AGRITECH INNOVATION 2025,content,,https://abi.com.vn/wp-content/uploads/2025/06/IMG_8261-1200x800.jpg,,False
4748,LỄ PHÁT ĐỘNG CUỘC THI KHỞI NGHIỆP ĐỔI MỚI SÁNG TẠO TRONG LĨNH VỰC NÔNG NGHIỆP ỨNG DỤNG CÔNG NGHỆ CAO NĂM 2025 &#8211; AGRITECH INNOVATION 2025,content,,https://abi.com.vn/wp-content/uploads/2025/06/IMG_8381-1200x800.jpg,,False
4742,CUỘC THI KHỞI NGHIỆP ĐỔI MỚI SÁNG TẠO TRONG LĨNH VỰC NÔNG NGHIỆP ỨNG DỤNG CÔNG NGHỆ CAO NĂM 2025 – AGRITECH INNOVATION 2025,featured,4743,https://abi.com.vn/wp-content/uploads/2025/06/image-21.png,2025/06/image-21.png,True
4742,CUỘC THI KHỞI NGHIỆP ĐỔI MỚI SÁNG TẠO TRONG LĨNH VỰC NÔNG NGHIỆP ỨNG DỤNG CÔNG NGHỆ CAO NĂM 2025 – AGRITECH INNOVATION 2025,content,4743,https://abi.com.vn/wp-content/uploads/2025/06/image-21.png,2025/06/image-21.png,True
4742,CUỘC THI KHỞI NGHIỆP ĐỔI MỚI SÁNG TẠO TRONG LĨNH VỰC NÔNG NGHIỆP ỨNG DỤNG CÔNG NGHỆ CAO NĂM 2025 – AGRITECH INNOVATION 2025,content,4744,https://abi.com.vn/wp-content/uploads/2025/06/image-22.png,2025/06/image-22.png,True
4742,CUỘC THI KHỞI NGHIỆP ĐỔI MỚI SÁNG TẠO TRONG LĨNH VỰC NÔNG NGHIỆP ỨNG DỤNG CÔNG NGHỆ CAO NĂM 2025 – AGRITECH INNOVATION 2025,content,4745,https://abi.com.vn/wp-content/uploads/2025/06/image-23-792x800.png,2025/06/image-23.png,True
4742,CUỘC THI KHỞI NGHIỆP ĐỔI MỚI SÁNG TẠO TRONG LĨNH VỰC NÔNG NGHIỆP ỨNG DỤNG CÔNG NGHỆ CAO NĂM 2025 – AGRITECH INNOVATION 2025,content,4746,https://abi.com.vn/wp-content/uploads/2025/06/image-24.png,2025/06/image-24.png,True
4731,"TRIỂN LÃM THÀNH PHỐ HỒ CHÍ MINH VÀ CÁC TỈNH, THÀNH HỮU NGHỊ TẠI SAVANNAKHET LẦN THỨ 5",content,4732,https://abi.com.vn/wp-content/uploads/2025/06/image-12.png,2025/06/image-12.png,True
4731,"TRIỂN LÃM THÀNH PHỐ HỒ CHÍ MINH VÀ CÁC TỈNH, THÀNH HỮU NGHỊ TẠI SAVANNAKHET LẦN THỨ 5",content,4734,https://abi.com.vn/wp-content/uploads/2025/06/image-14.png,2025/06/image-14.png,True
4731,"TRIỂN LÃM THÀNH PHỐ HỒ CHÍ MINH VÀ CÁC TỈNH, THÀNH HỮU NGHỊ TẠI SAVANNAKHET LẦN THỨ 5",content,4735,https://abi.com.vn/wp-content/uploads/2025/06/image-15.png,2025/06/image-15.png,True
4731,"TRIỂN LÃM THÀNH PHỐ HỒ CHÍ MINH VÀ CÁC TỈNH, THÀNH HỮU NGHỊ TẠI SAVANNAKHET LẦN THỨ 5",content,4736,https://abi.com.vn/wp-content/uploads/2025/06/image-16.png,2025/06/image-16.png,True
4731,"TRIỂN LÃM THÀNH PHỐ HỒ CHÍ MINH VÀ CÁC TỈNH, THÀNH HỮU NGHỊ TẠI SAVANNAKHET LẦN THỨ 5",content,4737,https://abi.com.vn/wp-content/uploads/2025/06/image-17.png,2025/06/image-17.png,True
4731,"TRIỂN LÃM THÀNH PHỐ HỒ CHÍ MINH VÀ CÁC TỈNH, THÀNH HỮU NGHỊ TẠI SAVANNAKHET LẦN THỨ 5",content,4738,https://abi.com.vn/wp-content/uploads/2025/06/image-18.png,2025/06/image-18.png,True
4731,"TRIỂN LÃM THÀNH PHỐ HỒ CHÍ MINH VÀ CÁC TỈNH, THÀNH HỮU NGHỊ TẠI SAVANNAKHET LẦN THỨ 5",content,4739,https://abi.com.vn/wp-content/uploads/2025/06/image-19.png,2025/06/image-19.png,True
4731,"TRIỂN LÃM THÀNH PHỐ HỒ CHÍ MINH VÀ CÁC TỈNH, THÀNH HỮU NGHỊ TẠI SAVANNAKHET LẦN THỨ 5",content,4740,https://abi.com.vn/wp-content/uploads/2025/06/image-20.png,2025/06/image-20.png,True
4724,Hội Chợ Hàng Việt Nam Tiêu Biểu Xuất Khẩu 2025 tại Trung tâm Hội chợ và Triển lãm Sài Gòn (SECC) Thành phố Hồ Chí Minh,content,4729,https://abi.com.vn/wp-content/uploads/2025/06/image-11.png,2025/06/image-11.png,True
4724,Hội Chợ Hàng Việt Nam Tiêu Biểu Xuất Khẩu 2025 tại Trung tâm Hội chợ và Triển lãm Sài Gòn (SECC) Thành phố Hồ Chí Minh,content,4728,https://abi.com.vn/wp-content/uploads/2025/06/image-10.png,2025/06/image-10.png,True
4724,Hội Chợ Hàng Việt Nam Tiêu Biểu Xuất Khẩu 2025 tại Trung tâm Hội chợ và Triển lãm Sài Gòn (SECC) Thành phố Hồ Chí Minh,content,4727,https://abi.com.vn/wp-content/uploads/2025/06/image-9.png,2025/06/image-9.png,True
4724,Hội Chợ Hàng Việt Nam Tiêu Biểu Xuất Khẩu 2025 tại Trung tâm Hội chợ và Triển lãm Sài Gòn (SECC) Thành phố Hồ Chí Minh,content,4726,https://abi.com.vn/wp-content/uploads/2025/06/image-8-555x800.png,2025/06/image-8.png,True
4724,Hội Chợ Hàng Việt Nam Tiêu Biểu Xuất Khẩu 2025 tại Trung tâm Hội chợ và Triển lãm Sài Gòn (SECC) Thành phố Hồ Chí Minh,content,4725,https://abi.com.vn/wp-content/uploads/2025/06/image-7.png,2025/06/image-7.png,True
4715,"FESTIVAL HOA LAN THÀNH PHỐ HỒ CHÍ MINH LẦN III, NĂM 2025",content,4717,https://abi.com.vn/wp-content/uploads/2025/06/image-1.png,2025/06/image-1.png,True
4715,"FESTIVAL HOA LAN THÀNH PHỐ HỒ CHÍ MINH LẦN III, NĂM 2025",content,4718,https://abi.com.vn/wp-content/uploads/2025/06/image-2.png,2025/06/image-2.png,True
4715,"FESTIVAL HOA LAN THÀNH PHỐ HỒ CHÍ MINH LẦN III, NĂM 2025",content,4719,https://abi.com.vn/wp-content/uploads/2025/06/image-3.png,2025/06/image-3.png,True
4715,"FESTIVAL HOA LAN THÀNH PHỐ HỒ CHÍ MINH LẦN III, NĂM 2025",content,4720,https://abi.com.vn/wp-content/uploads/2025/06/image-4.png,2025/06/image-4.png,True
4715,"FESTIVAL HOA LAN THÀNH PHỐ HỒ CHÍ MINH LẦN III, NĂM 2025",content,4721,https://abi.com.vn/wp-content/uploads/2025/06/image-5-621x800.png,2025/06/image-5.png,True
4715,"FESTIVAL HOA LAN THÀNH PHỐ HỒ CHÍ MINH LẦN III, NĂM 2025",content,4722,https://abi.com.vn/wp-content/uploads/2025/06/image-6-818x800.png,2025/06/image-6.png,True
4103,CUỘC THI KHỞI NGHIỆP ĐỔI MỚI SÁNG TẠO TRONG LĨNH VỰC NÔNG NGHIỆP ỨNG DỤNG CÔNG NGHỆ CAO,featured,4106,https://abi.com.vn/wp-content/uploads/2025/05/hu101.webp,2025/05/hu101.webp,True
286,Trung tâm ươm tạo doanh nghiệp nông nghiệp công nghệ cao chuyển giao công nghệ trong lĩnh vực thủy sản tại TP.HCM,featured,4711,https://abi.com.vn/wp-content/uploads/2025/06/268944c310b8a4e6fda9-scaled.jpg,2025/06/268944c310b8a4e6fda9-scaled.jpg,True
283,NUÔI TRỒNG THỦY SẢN BỀN VỮNG,featured,3999,https://abi.com.vn/wp-content/uploads/2025/03/nuoi-trong-thuy-san-ben-vung-2.jpg,2025/03/nuoi-trong-thuy-san-ben-vung-2.jpg,True
280,Chiết xuất carotenoids chứa astaxanthin từ vi tảo,featured,4710,https://abi.com.vn/wp-content/uploads/2025/03/vi-tao-1.jpg,2025/03/vi-tao-1.jpg,True
277,GIẢI PHÁP CÔNG NGHỆ MỚI CHO NGÀNH NUÔI TRỒNG THỦY SẢN,featured,4003,https://abi.com.vn/wp-content/uploads/2025/03/ap-dung-cong-nghe-cao-trong-nuoi-trong-thuy-san-2.jpg,2025/03/ap-dung-cong-nghe-cao-trong-nuoi-trong-thuy-san-2.jpg,True
274,BETA-GLUCAN VÀ ĐÁP ỨNG MIỄN DỊCH TỰ NHIÊN CỦA TÔM THẺ CHÂN TRẮNG,featured,4005,https://abi.com.vn/wp-content/uploads/2025/03/anh-anova.jpg,2025/03/anh-anova.jpg,True
272,“NƯỚC TỪ TRƯỜNG LÀM HOA TƯƠI LÂU” THẮNG GIẢI KHỞI NGHIỆP NÔNG NGHIỆP,featured,4007,https://abi.com.vn/wp-content/uploads/2025/03/2262-1665221021.webp,2025/03/2262-1665221021.webp,True
270,"HỘI CHỢ, TRIỄN LÃM SẢN PHẨM NÔNG NGHIỆP TIÊU BIỂU THỨ II NĂM 2022",featured,4009,https://abi.com.vn/wp-content/uploads/2025/03/07-10-2022-khai-mac-hoi-cho-trien-lam-san-pham-nong-nghiep-tieu-bieu-lan-ii-nam-2022-DCA492B-details.jpg,2025/03/07-10-2022-khai-mac-hoi-cho-trien-lam-san-pham-nong-nghiep-tieu-bieu-lan-ii-nam-2022-DCA492B-details.jpg,True
268,NGÀY HỘI KHỞI NGHIỆP – VIETNAM STARTUP DAY 2022,featured,4011,https://abi.com.vn/wp-content/uploads/2025/03/unnamed.jpg,2025/03/unnamed.jpg,True
266,Sở Tài nguyên và Môi trường TP HCM tổ chức Ngày hội sống xanh 2019,featured,4013,https://abi.com.vn/wp-content/uploads/2025/03/3-1.jpg,2025/03/3-1.jpg,True
263,Khảo sát một số giống bạc hà (Mentha piperita L.) chiết suất tinh dầu trồng trong nhà màng,featured,4015,https://abi.com.vn/wp-content/uploads/2025/03/tra_bac_ha.jpg,2025/03/tra_bac_ha.jpg,True
260,Trồng rau xà lách bằng đèn LED,featured,4017,https://abi.com.vn/wp-content/uploads/2025/03/den-led-trong-rau-thuy-canh-trong-nha.jpg,2025/03/den-led-trong-rau-thuy-canh-trong-nha.jpg,True
257,Ứng dụng chế phẩm từ cao lỏng lá neem và dây mật,featured,4693,https://abi.com.vn/wp-content/uploads/2025/03/Ung-dung-che-pham-tu-cao-long-la-neem-va-day-mat.jpg,2025/03/Ung-dung-che-pham-tu-cao-long-la-neem-va-day-mat.jpg,True
254,Ảnh hưởng của giá thể và dinh dưỡng đến sinh trưởng lan Kiếm,featured,4679,https://abi.com.vn/wp-content/uploads/2025/03/cay-hoa-lan-kiem.jpg,2025/03/cay-hoa-lan-kiem.jpg,True
248,MÔ HÌNH DÂU TÂY TRỒNG CHẬU PHỤC VỤ NÔNG NGHIỆP ĐÔ THỊ,featured,4003,https://abi.com.vn/wp-content/uploads/2025/03/ap-dung-cong-nghe-cao-trong-nuoi-trong-thuy-san-2.jpg,2025/03/ap-dung-cong-nghe-cao-trong-nuoi-trong-thuy-san-2.jpg,True
245,Nấm Mối đen – Nguồn dinh dưỡng tuyệt vời cho sức khỏe,featured,4691,https://abi.com.vn/wp-content/uploads/2025/03/nam-moi-den-1.jpg,2025/03/nam-moi-den-1.jpg,True
243,“NƯỚC TỪ TRƯỜNG LÀM HOA TƯƠI LÂU” THẮNG GIẢI KHỞI NGHIỆP NÔNG NGHIỆP,featured,3999,https://abi.com.vn/wp-content/uploads/2025/03/nuoi-trong-thuy-san-ben-vung-2.jpg,2025/03/nuoi-trong-thuy-san-ben-vung-2.jpg,True
239,NGÀY HỘI KHỞI NGHIỆP – VIETNAM STARTUP DAY 2022,featured,4701,https://abi.com.vn/wp-content/uploads/2025/03/NGAY-HOI-KHOI-NGHIEP-–-VIETNAM-STARTUP-DAY-2022.jpg,2025/03/NGAY-HOI-KHOI-NGHIEP-–-VIETNAM-STARTUP-DAY-2022.jpg,True
237,Sở Tài nguyên và Môi trường TP HCM tổ chức Ngày hội sống xanh 2019,featured,4015,https://abi.com.vn/wp-content/uploads/2025/03/tra_bac_ha.jpg,2025/03/tra_bac_ha.jpg,True
234,Công nghệ vi sinh,featured,4689,https://abi.com.vn/wp-content/uploads/2025/03/Cong-nghe-vi-sinh.jpg,2025/03/Cong-nghe-vi-sinh.jpg,True
234,Công nghệ vi sinh,content,,https://vietgiatrang.com/wp-content/uploads/2025/03/congnghevisinh-1024x287.jpg,,False
231,SẢN XUẤT CAO NẤM MEN GIÀU LIPID BỔ SUNG CHO THỨC ĂN CHĂN NUÔI,featured,4697,https://abi.com.vn/wp-content/uploads/2025/03/SAN-XUAT-CAO-NAM-MEN-GIAU-LIPID-BO-SUNG-CHO-THUC-AN-CHAN-NUOI.jpg,2025/03/SAN-XUAT-CAO-NAM-MEN-GIAU-LIPID-BO-SUNG-CHO-THUC-AN-CHAN-NUOI.jpg,True
226,SỬ DỤNG CHẾ PHẨM SINH HỌC TRONG NÔNG NGHIỆP,featured,4687,https://abi.com.vn/wp-content/uploads/2025/03/SU-DUNG-CHE-PHAM-SINH-HOC-TRONG-NONG-NGHIEP.webp,2025/03/SU-DUNG-CHE-PHAM-SINH-HOC-TRONG-NONG-NGHIEP.webp,True
223,Tinh dầu và tiềm năng phát triển kinh tế,featured,4695,https://abi.com.vn/wp-content/uploads/2025/03/Tinh-dau-va-tiem-nang-phat-trien-kinh-te.jpeg,2025/03/Tinh-dau-va-tiem-nang-phat-trien-kinh-te.jpeg,True
221,Định hướng,featured,4003,https://abi.com.vn/wp-content/uploads/2025/03/ap-dung-cong-nghe-cao-trong-nuoi-trong-thuy-san-2.jpg,2025/03/ap-dung-cong-nghe-cao-trong-nuoi-trong-thuy-san-2.jpg,True
219,Cơ Cấu Tổ Chức,featured,4001,https://abi.com.vn/wp-content/uploads/2025/03/Vi-tao-luc-la-gi.jpg,2025/03/Vi-tao-luc-la-gi.jpg,True
217,Chức năng và nhiệm vụ,featured,4795,https://abi.com.vn/wp-content/uploads/2025/03/chuc-nang-va-nhiem-vu.jpg,2025/03/chuc-nang-va-nhiem-vu.jpg,True
215,Giới thiệu,featured,4777,https://abi.com.vn/wp-content/uploads/2025/03/gioi-thieu-abi.jpg,2025/03/gioi-thieu-abi.jpg,True
215,Giới thiệu,content,4779,https://abi.com.vn/wp-content/uploads/2025/03/gioi-thieu-abi-2.jpg,2025/03/gioi-thieu-abi-2.jpg,True
215,Giới thiệu,content,4780,https://abi.com.vn/wp-content/uploads/2025/03/gioi-thieu-abi-3.jpg,2025/03/gioi-thieu-abi-3.jpg,True
215,Giới thiệu,content,4784,https://abi.com.vn/wp-content/uploads/2025/03/gioi-thieu-abi-31.jpg,2025/03/gioi-thieu-abi-31.jpg,True
215,Giới thiệu,content,4781,https://abi.com.vn/wp-content/uploads/2025/03/gioi-thieu-abi-32.jpg,2025/03/gioi-thieu-abi-32.jpg,True
215,Giới thiệu,content,4782,https://abi.com.vn/wp-content/uploads/2025/03/gioi-thieu-abi-33.jpg,2025/03/gioi-thieu-abi-33.jpg,True
215,Giới thiệu,content,4790,https://abi.com.vn/wp-content/uploads/2025/03/gioi-thieu-abi-4.jpg,2025/03/gioi-thieu-abi-4.jpg,True
215,Giới thiệu,content,4789,https://abi.com.vn/wp-content/uploads/2025/03/gioi-thieu-abi-5.jpg,2025/03/gioi-thieu-abi-5.jpg,True
215,Giới thiệu,content,4787,https://abi.com.vn/wp-content/uploads/2025/03/gioi-thieu-abi-6.jpg,2025/03/gioi-thieu-abi-6.jpg,True
215,Giới thiệu,content,4786,https://abi.com.vn/wp-content/uploads/2025/03/gioi-thieu-abi-7.jpg,2025/03/gioi-thieu-abi-7.jpg,True
215,Giới thiệu,content,4783,https://abi.com.vn/wp-content/uploads/2025/03/gioi-thieu-abi-8.jpg,2025/03/gioi-thieu-abi-8.jpg,True
215,Giới thiệu,content,4785,https://abi.com.vn/wp-content/uploads/2025/03/gioi-thieu-abi-9.jpg,2025/03/gioi-thieu-abi-9.jpg,True
215,Giới thiệu,content,4788,https://abi.com.vn/wp-content/uploads/2025/03/gioi-thieu-abi-10.jpg,2025/03/gioi-thieu-abi-10.jpg,True
213,Hoạt Động Đoàn Thể,featured,4790,https://abi.com.vn/wp-content/uploads/2025/03/gioi-thieu-abi-4.jpg,2025/03/gioi-thieu-abi-4.jpg,True
209,“NƯỚC TỪ TRƯỜNG LÀM HOA TƯƠI LÂU” THẮNG GIẢI KHỞI NGHIỆP NÔNG NGHIỆP,featured,4699,https://abi.com.vn/wp-content/uploads/2025/03/NUOC-TU-TRUONG-LAM-HOA-TUOI-LAU.webp,2025/03/NUOC-TU-TRUONG-LAM-HOA-TUOI-LAU.webp,True
207,"HỘI CHỢ, TRIỄN LÃM SẢN PHẨM NÔNG NGHIỆP TIÊU BIỂU THỨ II NĂM 2022",featured,4017,https://abi.com.vn/wp-content/uploads/2025/03/den-led-trong-rau-thuy-canh-trong-nha.jpg,2025/03/den-led-trong-rau-thuy-canh-trong-nha.jpg,True
202,Sở Tài nguyên và Môi trường TP HCM tổ chức Ngày hội sống xanh 2019,featured,3761,https://abi.com.vn/wp-content/uploads/2019/09/po10.jpg,2019/09/po10.jpg,True
199,Công nghệ tế bào thực vật,featured,4677,https://abi.com.vn/wp-content/uploads/2025/03/Te-bao-goc-Thuc-vat.jpg,2025/03/Te-bao-goc-Thuc-vat.jpg,True
196,BƯỚC ĐẦU XÂY DỰNG QUY TRÌNH NHÂN GIỐNG IN VITRO CÂY SÂM ĐÁ (Curcuma singularis Gagnep.),featured,4681,https://abi.com.vn/wp-content/uploads/2025/03/QUY-TRINH-NHAN-GIONG-IN-VITRO-CAY-SAM-DA.jpg,2025/03/QUY-TRINH-NHAN-GIONG-IN-VITRO-CAY-SAM-DA.jpg,True
196,BƯỚC ĐẦU XÂY DỰNG QUY TRÌNH NHÂN GIỐNG IN VITRO CÂY SÂM ĐÁ (Curcuma singularis Gagnep.),content,,https://vietgiatrang.com/wp-content/uploads/2025/03/image-20230614094125-1.png,,False
196,BƯỚC ĐẦU XÂY DỰNG QUY TRÌNH NHÂN GIỐNG IN VITRO CÂY SÂM ĐÁ (Curcuma singularis Gagnep.),content,,https://vietgiatrang.com/wp-content/uploads/2025/03/image-20230614094125-2.jpg,,False
196,BƯỚC ĐẦU XÂY DỰNG QUY TRÌNH NHÂN GIỐNG IN VITRO CÂY SÂM ĐÁ (Curcuma singularis Gagnep.),content,,https://vietgiatrang.com/wp-content/uploads/2025/03/sam-da.jpg,,False
194,Ứng dụng hệ thống cảm biến vào sản xuất rau xà lách (Lactuca sativa L.) thủy canh hoàn lưu,featured,4673,https://abi.com.vn/wp-content/uploads/2025/03/huong-dan-trong-xa-lach-thuy-canh-don-gian-cho-nang-suat-cao.jpg,2025/03/huong-dan-trong-xa-lach-thuy-canh-don-gian-cho-nang-suat-cao.jpg,True
191,Nhân giống in vitro cây Cúc gai dài Silybum marianum (L.) Gaertn,featured,4685,https://abi.com.vn/wp-content/uploads/2025/03/Nhan-giong-in-vitro-cay-Cuc-gai-dai-Silybum-marianum-L.-Gaertn.jpg,2025/03/Nhan-giong-in-vitro-cay-Cuc-gai-dai-Silybum-marianum-L.-Gaertn.jpg,True
188,Quy trình nhân giống in vitro lan thanh tuyền (Grammatophyllum speciosum Blume),featured,4683,https://abi.com.vn/wp-content/uploads/2025/03/Quy-trinh-nhan-giong-in-vitro-lan-thanh-tuyen.jpg,2025/03/Quy-trinh-nhan-giong-in-vitro-lan-thanh-tuyen.jpg,True
186,NHÂN GIỐNG IN VITRO CÂY TRẦU BÀ LÁ XẺ (Monstera deliciosa),featured,4675,https://abi.com.vn/wp-content/uploads/2025/03/cach-nhan-giong-trau-ba-la-xe.jpg,2025/03/cach-nhan-giong-trau-ba-la-xe.jpg,True
184,Công ty Cổ phần Linh Chi Việt,featured,4009,https://abi.com.vn/wp-content/uploads/2025/03/07-10-2022-khai-mac-hoi-cho-trien-lam-san-pham-nong-nghiep-tieu-bieu-lan-ii-nam-2022-DCA492B-details.jpg,2025/03/07-10-2022-khai-mac-hoi-cho-trien-lam-san-pham-nong-nghiep-tieu-bieu-lan-ii-nam-2022-DCA492B-details.jpg,True
181,Công ty TNHH Vườn MayA,featured,4009,https://abi.com.vn/wp-content/uploads/2025/03/07-10-2022-khai-mac-hoi-cho-trien-lam-san-pham-nong-nghiep-tieu-bieu-lan-ii-nam-2022-DCA492B-details.jpg,2025/03/07-10-2022-khai-mac-hoi-cho-trien-lam-san-pham-nong-nghiep-tieu-bieu-lan-ii-nam-2022-DCA492B-details.jpg,True
178,CÔNG TY TNHH SX TM DV GIỐNG CÂY TRỒNG VINA IN-VITRO,featured,3999,https://abi.com.vn/wp-content/uploads/2025/03/nuoi-trong-thuy-san-ben-vung-2.jpg,2025/03/nuoi-trong-thuy-san-ben-vung-2.jpg,True
176,Công ty TNHH DV CNSH Mai Liên,featured,4017,https://abi.com.vn/wp-content/uploads/2025/03/den-led-trong-rau-thuy-canh-trong-nha.jpg,2025/03/den-led-trong-rau-thuy-canh-trong-nha.jpg,True
174,Công ty TNHH Công Nghệ Sinh Học TVT,featured,4013,https://abi.com.vn/wp-content/uploads/2025/03/3-1.jpg,2025/03/3-1.jpg,True
171,CÔNG TY TNHH TRỒNG RAU SẠCH ĐÔ THỊ SÀI GÒN,featured,3860,https://abi.com.vn/wp-content/uploads/2019/09/banner-uu-dai-20-web-02.jpg,2019/09/banner-uu-dai-20-web-02.jpg,True
168,Công ty TNHH MIDOLI,featured,4011,https://abi.com.vn/wp-content/uploads/2025/03/unnamed.jpg,2025/03/unnamed.jpg,True
166,CÔNG TY TNHH SẢN XUẤT THƯƠNG MẠI NẤM LINH CHI ĐẤT THÉP,featured,4015,https://abi.com.vn/wp-content/uploads/2025/03/tra_bac_ha.jpg,2025/03/tra_bac_ha.jpg,True
164,Hồ sơ đăng ký gia nhập,featured,3844,https://abi.com.vn/wp-content/uploads/2019/09/sYvd0.jpg,2019/09/sYvd0.jpg,True
162,Dịch vụ hỗ trợ,featured,4017,https://abi.com.vn/wp-content/uploads/2025/03/den-led-trong-rau-thuy-canh-trong-nha.jpg,2025/03/den-led-trong-rau-thuy-canh-trong-nha.jpg,True
160,Quy trình ươm tạo,featured,4013,https://abi.com.vn/wp-content/uploads/2025/03/3-1.jpg,2025/03/3-1.jpg,True
157,SẢN XUẤT CHẾ PHẨM SINH HỌC TRICHODERMA TĂNG CƯỜNG KHẢ NĂNG SINH TRƯỞNG CỦA CÂY TRỒNG,featured,158,,,False
154,"Hội nghị viên chức, người lao động năm 2024",featured,155,,,False
151,HỘI THẢO “KHỞI NGHIỆP ĐỔI MỚI SÁNG TẠO – GIẢI PHÁP THÚC ĐẨY PHÁT TRIỂN NÔNG NGHIỆP BỀN VỮNG”,featured,152,,,False
149,HCMC FOODEX 2024,featured,53,,,False
147,"Hội chợ, triển lãm sản phẩm nông nghiệp tiêu biểu, sản phẩm OCOP TP.HCM lần 1 năm 2024",featured,105,,,False
145,HỘI THẢO “ỨNG DỤNG CHUYỂN ĐỔI SỐ TRONG PHÁT TRIỂN NÔNG NGHIỆP”,featured,102,,,False
143,"HỘI THẢO KẾT NỐI MẠNG LƯỚI KHỞI NGHIỆP, HỖ TRỢ THÚC ĐẨY HOẠT ĐỘNG KHỞI NGHIỆP ĐỔI MỚI SÁNG TẠO KHU VỰC TÂY NGUYÊN",featured,93,,,False
141,"HỘI CHỢ &#8211; TRIỂN LÃM GIỐNG, NÔNG NGHIỆP CÔNG NGHỆ CAO TPHCM NĂM 2024",featured,90,,,False
139,KỶ NIỆM 326 NĂM THÀNH LẬP TP SÀI GÒN &#8211; CHỢ LỚN &#8211; GIA ĐỊNH &#8211; TPHCM (1698 &#8211; 2024) VÀ KỶ NIỆM 48 NĂM NGÀY TP SÀI GÒN &#8211; GIA ĐỊNH CHÍNH THỨC VINH DỰ MANG TÊN CHỦ TỊCH HỒ CHÍ MINH (2/7/1976 &#8211; 2/7/2024),featured,87,,,False
136,Khóa đào tạo &#8220;Đổi mới mô hình kinh doanh dành cho startup lĩnh vực nông nghiệp và thực phẩm &#8220;,featured,137,,,False
133,Hội thảo “Khởi nghiệp đổi mới sáng tạo cùng sinh viên trường Đại học Công Thương TPHCM” với chủ đề “Chuyển đổi xanh ESG hướng tới phát triển nông nghiệp bền vững”,featured,134,,,False
131,"HỘI THẢO KẾT NỐI MẠNG LƯỚI KHỞI NGHIỆP, HỖ TRỢ THÚC ĐẨY HOẠT ĐỘNG KHỞI NGHIỆP ĐỔI MỚI SÁNG TẠO TỈNH NINH THUẬN",featured,79,,,False
128,"HỘI CHỢ, TRIỂN LÃM SẢN PHẨM NÔNG NGHIỆP TIÊU BIỂU, SẢN PHẨM OCOP LẦN 2 NĂM 2024",featured,129,,,False
125,HỘI CHỢ NÔNG NGHIỆP QUỐC TẾ VIỆT NAM NĂM 2024,featured,126,,,False
122,"HỘI THẢO KẾT NỐI MẠNG LƯỚI KHỞI NGHIỆP, HỖ TRỢ THÚC ĐẨY HOẠT ĐỘNG KHỞI NGHIỆP ĐỔI MỚI SÁNG TẠO TỈNH ĐẮK NÔNG",featured,123,,,False
119,HỘI THẢO &#8220;KẾT NỐI MẠNG LƯỚI KHỞI NGHIỆP HỖ TRỢ THÚC ĐẨY  HOẠT ĐỘNG KHỞI NGHIỆP ĐỔI MỚI SÁNG TẠO KHU VỰC MIỀN BẮC&#8221; VỚI CHỦ ĐỀ &#8220;CHUYỂN ĐỔI XANH TRONG PHÁT TRIỂN NÔNG NGHIỆP BỀN VỮNG&#8221;,featured,120,,,False
116,HỘI CHỢ TRIỂN LÃM NÔNG NGHIỆP QUỐC TẾ LẦN THỨ 24 &#8211; AGROVIET 2024,featured,117,,,False
113,WHISE 2024 &#8211; SỰ KIỆN ĐỔI MỚI SÁNG TẠO KHOA HỌC CÔNG NGHỆ LỚN NHẤT TP. HCM,featured,114,,,False
110,TRUNG TÂM ƯƠM TẠO DOANH NGHIỆP NÔNG NGHIỆP CÔNG NGHỆ CAO LỌT TOP 10 VÒNG CHUNG KẾT GIẢI THƯỞNG I-STAR 2024,featured,111,,,False
107,HCMC FOODEX 2024,featured,108,,,False
104,"Hội chợ, triển lãm sản phẩm nông nghiệp tiêu biểu, sản phẩm OCOP TP.HCM lần 1 năm 2024",featured,105,,,False
101,HỘI THẢO “ỨNG DỤNG CHUYỂN ĐỔI SỐ TRONG PHÁT TRIỂN NÔNG NGHIỆP”,featured,102,,,False
98,🌻 🌻 [QUỐC TẾ THIẾU NHI 01/06] 🌻 🌻,featured,99,,,False
98,🌻 🌻 [QUỐC TẾ THIẾU NHI 01/06] 🌻 🌻,content,,https://vietgiatrang.com/wp-content/uploads/2025/03/img_8207-1024x683.jpg,,False
98,🌻 🌻 [QUỐC TẾ THIẾU NHI 01/06] 🌻 🌻,content,,https://vietgiatrang.com/wp-content/uploads/2025/03/image-1024x683.jpg,,False
98,🌻 🌻 [QUỐC TẾ THIẾU NHI 01/06] 🌻 🌻,content,,https://vietgiatrang.com/wp-content/uploads/2025/03/image_1-1024x683.jpg,,False
98,🌻 🌻 [QUỐC TẾ THIẾU NHI 01/06] 🌻 🌻,content,,https://vietgiatrang.com/wp-content/uploads/2025/03/image_2-1024x683.jpg,,False
95,Hội thảo cà mau Eco,featured,96,,,False
92,"HỘI THẢO KẾT NỐI MẠNG LƯỚI KHỞI NGHIỆP, HỖ TRỢ THÚC ĐẨY HOẠT ĐỘNG KHỞI NGHIỆP ĐỔI MỚI SÁNG TẠO KHU VỰC TÂY NGUYÊN",featured,93,,,False
89,"HỘI CHỢ &#8211; TRIỂN LÃM GIỐNG, NÔNG NGHIỆP CÔNG NGHỆ CAO TPHCM NĂM 2024",featured,90,,,False
86,KỶ NIỆM 326 NĂM THÀNH LẬP TP SÀI GÒN &#8211; CHỢ LỚN &#8211; GIA ĐỊNH &#8211; TPHCM (1698 &#8211; 2024) VÀ KỶ NIỆM 48 NĂM NGÀY TP SÀI GÒN &#8211; GIA ĐỊNH CHÍNH THỨC VINH DỰ MANG TÊN CHỦ TỊCH HỒ CHÍ MINH (2/7/1976 &#8211; 2/7/2024),featured,87,,,False
84,Khóa đào tạo &#8220;Đổi mới mô hình kinh doanh dành cho startup lĩnh vực nông nghiệp và thực phẩm &#8220;,featured,49,,,False
81,Hội thảo “Khởi nghiệp đổi mới sáng tạo cùng sinh viên trường Đại học Công Thương TPHCM” với chủ đề “Chuyển đổi xanh ESG hướng tới phát triển nông nghiệp bền vững”,featured,82,,,False
78,"HỘI THẢO KẾT NỐI MẠNG LƯỚI KHỞI NGHIỆP, HỖ TRỢ THÚC ĐẨY HOẠT ĐỘNG KHỞI NGHIỆP ĐỔI MỚI SÁNG TẠO TỈNH NINH THUẬN",featured,79,,,False
76,THÔNG BÁO Tuyển dụng viên chức năm 2024,featured,49,,,False
73,"HỘI CHỢ, TRIỂN LÃM SẢN PHẨM NÔNG NGHIỆP TIÊU BIỂU, SẢN PHẨM OCOP LẦN 2 NĂM 2024",featured,74,,,False
70,HỘI CHỢ NÔNG NGHIỆP QUỐC TẾ VIỆT NAM NĂM 2024,featured,71,,,False
67,"HỘI THẢO KẾT NỐI MẠNG LƯỚI KHỞI NGHIỆP, HỖ TRỢ THÚC ĐẨY HOẠT ĐỘNG KHỞI NGHIỆP ĐỔI MỚI SÁNG TẠO TỈNH ĐẮK NÔNG",featured,68,,,False
64,HỘI THẢO &#8220;KẾT NỐI MẠNG LƯỚI KHỞI NGHIỆP HỖ TRỢ THÚC ĐẨY  HOẠT ĐỘNG KHỞI NGHIỆP ĐỔI MỚI SÁNG TẠO KHU VỰC MIỀN BẮC&#8221; VỚI CHỦ ĐỀ &#8220;CHUYỂN ĐỔI XANH TRONG PHÁT TRIỂN NÔNG NGHIỆP BỀN VỮNG&#8221;,featured,65,,,False
61,HỘI CHỢ TRIỂN LÃM NÔNG NGHIỆP QUỐC TẾ LẦN THỨ 24 &#8211; AGROVIET 2024,featured,62,,,False
58,WHISE 2024 &#8211; SỰ KIỆN ĐỔI MỚI SÁNG TẠO KHOA HỌC CÔNG NGHỆ LỚN NHẤT TP. HCM,featured,59,,,False
55,TRUNG TÂM ƯƠM TẠO DOANH NGHIỆP NÔNG NGHIỆP CÔNG NGHỆ CAO LỌT TOP 10 VÒNG CHUNG KẾT GIẢI THƯỞNG I-STAR 2024,featured,56,,,False
52,HCMC FOODEX 2024,featured,53,,,False
44,"Hội chợ, triển lãm sản phẩm nông nghiệp tiêu biểu, sản phẩm OCOP TP.HCM lần 1 năm 2024",featured,4511,https://abi.com.vn/wp-content/uploads/2025/03/unnamed-1.jpg,2025/03/unnamed-1.jpg,True
42,HỘI THẢO “ỨNG DỤNG CHUYỂN ĐỔI SỐ TRONG PHÁT TRIỂN NÔNG NGHIỆP”,featured,4513,https://abi.com.vn/wp-content/uploads/2025/03/unnamed-1-1.jpg,2025/03/unnamed-1-1.jpg,True
40,Hội thảo cà mau Eco,featured,4515,https://abi.com.vn/wp-content/uploads/2025/03/unnamed-2.jpg,2025/03/unnamed-2.jpg,True
8,Kỹ thuật thiết kế hồ thủy sinh,featured,4009,https://abi.com.vn/wp-content/uploads/2025/03/07-10-2022-khai-mac-hoi-cho-trien-lam-san-pham-nong-nghiep-tieu-bieu-lan-ii-nam-2022-DCA492B-details.jpg,2025/03/07-10-2022-khai-mac-hoi-cho-trien-lam-san-pham-nong-nghiep-tieu-bieu-lan-ii-nam-2022-DCA492B-details.jpg,True
5093,"Biểu mẫu Thủ tục Tuyển chọn, giao trực tiếp tổ chức, cá nhân chủ trì thực hiện nhiệm vụ khoa học và công nghệ",content,,http://hcmfosted.vn/wp-content/uploads/2020/01/Mau-bia-TMNV.doc,,False
5093,"Biểu mẫu Thủ tục Tuyển chọn, giao trực tiếp tổ chức, cá nhân chủ trì thực hiện nhiệm vụ khoa học và công nghệ",content,,http://hcmfosted.vn/wp-content/uploads/2020/01/Mau-A1_TMNVKHCN_De-tai-KHCN.doc,,False
5093,"Biểu mẫu Thủ tục Tuyển chọn, giao trực tiếp tổ chức, cá nhân chủ trì thực hiện nhiệm vụ khoa học và công nghệ",content,,http://hcmfosted.vn/wp-content/uploads/2020/01/Mau-A2-TMNVKHXHNV_De-tai-KHXHNV.doc,,False
5093,"Biểu mẫu Thủ tục Tuyển chọn, giao trực tiếp tổ chức, cá nhân chủ trì thực hiện nhiệm vụ khoa học và công nghệ",content,,http://hcmfosted.vn/wp-content/uploads/2020/01/Mau-A3-TMDASXTN_Du-an.doc,,False
5093,"Biểu mẫu Thủ tục Tuyển chọn, giao trực tiếp tổ chức, cá nhân chủ trì thực hiện nhiệm vụ khoa học và công nghệ",content,,http://hcmfosted.vn/wp-content/uploads/2020/01/Mau-A4-TMDAKH_De-an.doc,,False
5093,"Biểu mẫu Thủ tục Tuyển chọn, giao trực tiếp tổ chức, cá nhân chủ trì thực hiện nhiệm vụ khoa học và công nghệ",content,,http://hcmfosted.vn/wp-content/uploads/2020/01/Mau-du-toan-nhiem-vu-KHCN-2024-1.xlsx,,False
5093,"Biểu mẫu Thủ tục Tuyển chọn, giao trực tiếp tổ chức, cá nhân chủ trì thực hiện nhiệm vụ khoa học và công nghệ",content,,http://hcmfosted.vn/wp-content/uploads/2020/01/Mau-A5_LLTC_Ly-lich-to-chuc.doc,,False
5093,"Biểu mẫu Thủ tục Tuyển chọn, giao trực tiếp tổ chức, cá nhân chủ trì thực hiện nhiệm vụ khoa học và công nghệ",content,,http://hcmfosted.vn/wp-content/uploads/2020/01/Mau-A6_LLKH_Ly-lich-CNDT_CTV.doc,,False
5093,"Biểu mẫu Thủ tục Tuyển chọn, giao trực tiếp tổ chức, cá nhân chủ trì thực hiện nhiệm vụ khoa học và công nghệ",content,,http://hcmfosted.vn/wp-content/uploads/2020/01/Mau-giay-xac-nhan-phoi-hop.doc,,False
5093,"Biểu mẫu Thủ tục Tuyển chọn, giao trực tiếp tổ chức, cá nhân chủ trì thực hiện nhiệm vụ khoa học và công nghệ",content,,http://hcmfosted.vn/wp-content/uploads/2020/01/Bi%E1%BB%83u-A2-BM07-B%C3%A1o-c%C3%A1o-gi%E1%BA%A3i-tr%C3%ACnh-ch%E1%BB%89nh-s%E1%BB%ADa-Thuy%E1%BA%BFt-minh.docx,,False
5093,"Biểu mẫu Thủ tục Tuyển chọn, giao trực tiếp tổ chức, cá nhân chủ trì thực hiện nhiệm vụ khoa học và công nghệ",content,,http://hcmfosted.vn/wp-content/uploads/2020/01/M%E1%BA%AAU-1-Phi%E1%BA%BFu-th%C3%B4ng-tin-nhi%E1%BB%87m-v%E1%BB%A5-khoa-h%E1%BB%8Dc-v%C3%A0-c%C3%B4ng-ngh%E1%BB%87-2.docx,,False
5091,Biểu mẫu Báo cáo tiến độ thực hiện nhiệm vụ khoa học và công nghệ,content,,http://hcmfosted.vn/wp-content/uploads/2020/11/Bao-cao-tien-do-nhiem-vu.doc,,False
5089,Biểu mẫu Báo cáo Giám định nhiệm vụ khoa học và công nghệ,content,,http://hcmfosted.vn/wp-content/uploads/2020/11/Bao-cao-giam-dinh-nhiem-vu.doc,,False
5089,Biểu mẫu Báo cáo Giám định nhiệm vụ khoa học và công nghệ,content,,http://hcmfosted.vn/wp-content/uploads/2020/11/Giay-xac-nhan-chinh-sua-2.doc,,False
5087,Biểu mẫu Báo cáo Nghiệm thu nhiệm vụ khoa học và công nghệ,content,,http://hcmfosted.vn/wp-content/uploads/2020/11/Mau-C2-CVDNNTNV_De-nghi-nghiem-thu.doc,,False
5087,Biểu mẫu Báo cáo Nghiệm thu nhiệm vụ khoa học và công nghệ,content,,http://hcmfosted.vn/wp-content/uploads/2020/11/Bao-cao-thong-ke.doc,,False
5087,Biểu mẫu Báo cáo Nghiệm thu nhiệm vụ khoa học và công nghệ,content,,http://hcmfosted.vn/wp-content/uploads/2020/11/Bao-cao-ket-qua-tu-danh-gia-1.docx,,False
5087,Biểu mẫu Báo cáo Nghiệm thu nhiệm vụ khoa học và công nghệ,content,,http://hcmfosted.vn/wp-content/uploads/2020/11/Bao-cao-tong-hop-1.doc,,False
5087,Biểu mẫu Báo cáo Nghiệm thu nhiệm vụ khoa học và công nghệ,content,,http://hcmfosted.vn/wp-content/uploads/2020/11/Bao-cao-tom-tat-1.doc,,False
5087,Biểu mẫu Báo cáo Nghiệm thu nhiệm vụ khoa học và công nghệ,content,,http://hcmfosted.vn/wp-content/uploads/2020/11/Phuong-an-giao-quyen.doc,,False
5087,Biểu mẫu Báo cáo Nghiệm thu nhiệm vụ khoa học và công nghệ,content,,http://hcmfosted.vn/wp-content/uploads/2020/11/Bao-cao-tai-san.xlsx,,False
5087,Biểu mẫu Báo cáo Nghiệm thu nhiệm vụ khoa học và công nghệ,content,,http://hcmfosted.vn/wp-content/uploads/2020/11/Bien-ban-kiem-ke-tai-san-2.doc,,False
5085,Hướng dẫn lập hồ sơ quyết toán kinh phí thực hiện nhiệm vụ khoa học và công nghệ,content,,http://hcmfosted.vn/wp-content/uploads/2020/11/CV-196-H%C6%B0%E1%BB%9Bng-d%E1%BA%ABn-quy%E1%BA%BFt-to%C3%A1n.pdf,,False
5085,Hướng dẫn lập hồ sơ quyết toán kinh phí thực hiện nhiệm vụ khoa học và công nghệ,content,,http://hcmfosted.vn/wp-content/uploads/2020/11/Mau-BM-KHTC-020304..xls,,False
5085,Hướng dẫn lập hồ sơ quyết toán kinh phí thực hiện nhiệm vụ khoa học và công nghệ,content,,http://hcmfosted.vn/wp-content/uploads/2020/11/Mau-BM-KHTC-01.docx,,False
5085,Hướng dẫn lập hồ sơ quyết toán kinh phí thực hiện nhiệm vụ khoa học và công nghệ,content,,http://hcmfosted.vn/wp-content/uploads/2020/11/Mau-BM-KHTC-05.docx,,False
5085,Hướng dẫn lập hồ sơ quyết toán kinh phí thực hiện nhiệm vụ khoa học và công nghệ,content,,http://hcmfosted.vn/wp-content/uploads/2020/11/Mau-BM-KHTC-01.pdf,,False
5085,Hướng dẫn lập hồ sơ quyết toán kinh phí thực hiện nhiệm vụ khoa học và công nghệ,content,,http://hcmfosted.vn/wp-content/uploads/2020/11/Mau-BM-KHTC-02A.pdf,,False
5085,Hướng dẫn lập hồ sơ quyết toán kinh phí thực hiện nhiệm vụ khoa học và công nghệ,content,,http://hcmfosted.vn/wp-content/uploads/2020/11/Mau-BM-KHTC-02B.pdf,,False
5085,Hướng dẫn lập hồ sơ quyết toán kinh phí thực hiện nhiệm vụ khoa học và công nghệ,content,,http://hcmfosted.vn/wp-content/uploads/2020/11/Mau-BM-KHTC-03-2.pdf,,False
5085,Hướng dẫn lập hồ sơ quyết toán kinh phí thực hiện nhiệm vụ khoa học và công nghệ,content,,http://hcmfosted.vn/wp-content/uploads/2020/11/Mau-BM-KHTC-04Qu%E1%BB%B9-ban-h%C3%A0nh-1.pdf,,False
5085,Hướng dẫn lập hồ sơ quyết toán kinh phí thực hiện nhiệm vụ khoa học và công nghệ,content,,http://hcmfosted.vn/wp-content/uploads/2020/11/Mau-BM-KHTC-05.pdf,,False
5083,Biểu mẫu Hồ sơ sau nghiệm thu nhiệm vụ khoa học và công nghệ,content,,http://hcmfosted.vn/wp-content/uploads/2020/11/Bao-cao-thong-ke.doc,,False
5083,Biểu mẫu Hồ sơ sau nghiệm thu nhiệm vụ khoa học và công nghệ,content,,http://hcmfosted.vn/wp-content/uploads/2020/11/Bao-cao-tong-hop-1.doc,,False
5083,Biểu mẫu Hồ sơ sau nghiệm thu nhiệm vụ khoa học và công nghệ,content,,http://hcmfosted.vn/wp-content/uploads/2020/11/Bao-cao-tom-tat-1.doc,,False
5083,Biểu mẫu Hồ sơ sau nghiệm thu nhiệm vụ khoa học và công nghệ,content,,http://hcmfosted.vn/wp-content/uploads/2020/11/Bao-cao-hoan-thien-ho-so-nghiem-thu-3.doc,,False
5083,Biểu mẫu Hồ sơ sau nghiệm thu nhiệm vụ khoa học và công nghệ,content,,http://hcmfosted.vn/wp-content/uploads/2020/11/Phi%E1%BA%BFu-%C4%91%C4%83ng-k%C3%BD-k%E1%BA%BFt-qu%E1%BA%A3-1.doc,,False
5083,Biểu mẫu Hồ sơ sau nghiệm thu nhiệm vụ khoa học và công nghệ,content,,http://hcmfosted.vn/wp-content/uploads/2020/11/Phieu-mo-ta-cong-nghe-1.doc,,False
5083,Biểu mẫu Hồ sơ sau nghiệm thu nhiệm vụ khoa học và công nghệ,content,,http://hcmfosted.vn/wp-content/uploads/2020/11/Van-ban-de-nghi-giao-quyen-1.doc,,False
5083,Biểu mẫu Hồ sơ sau nghiệm thu nhiệm vụ khoa học và công nghệ,content,,http://hcmfosted.vn/wp-content/uploads/2020/11/Phuong-an-giao-quyen.doc,,False
5083,Biểu mẫu Hồ sơ sau nghiệm thu nhiệm vụ khoa học và công nghệ,content,,http://hcmfosted.vn/wp-content/uploads/2020/11/Bao-cao-tai-san.xlsx,,False
5083,Biểu mẫu Hồ sơ sau nghiệm thu nhiệm vụ khoa học và công nghệ,content,,http://hcmfosted.vn/wp-content/uploads/2020/11/Bien-ban-kiem-ke-tai-san-2.doc,,False
5083,Biểu mẫu Hồ sơ sau nghiệm thu nhiệm vụ khoa học và công nghệ,content,,http://hcmfosted.vn/wp-content/uploads/2020/11/M%E1%BA%ABu-Bao-cao-TS-CQCT-5.2021-1.xlsx,,False
5081,Hồ sơ điều chỉnh/chấm dứt Hợp đồng thực hiện nhiệm vụ khoa học và công nghệ,content,,http://hcmfosted.vn/wp-content/uploads/2022/10/1.-M%E1%BA%ABu-A1-BCT%C4%90-B%C3%A1o-c%C3%A1o-ti%E1%BA%BFn-%C4%91%E1%BB%99-th%E1%BB%B1c-hi%E1%BB%87n-nhi%E1%BB%87m-v%E1%BB%A5..doc,,False
5081,Hồ sơ điều chỉnh/chấm dứt Hợp đồng thực hiện nhiệm vụ khoa học và công nghệ,content,,http://hcmfosted.vn/wp-content/uploads/2022/10/2.-M%E1%BA%ABu-A2-BCSDKP-B%C3%A1o-c%C3%A1o-t%C3%ACnh-h%C3%ACnh-s%E1%BB%AD-d%E1%BB%A5ng-kinh-ph%C3%AD..doc,,False
5081,Hồ sơ điều chỉnh/chấm dứt Hợp đồng thực hiện nhiệm vụ khoa học và công nghệ,content,,http://hcmfosted.vn/wp-content/uploads/2022/10/3.-M%E1%BA%ABu-A3-BCSPHT-B%C3%A1o-c%C3%A1o-s%E1%BA%A3n-ph%E1%BA%A9m-khoa-h%E1%BB%8Dc-v%C3%A0-c%C3%B4ng-ngh%E1%BB%87-%C4%91%C3%A3-ho%C3%A0n-th%C3%A0nh.doc,,False
5081,Hồ sơ điều chỉnh/chấm dứt Hợp đồng thực hiện nhiệm vụ khoa học và công nghệ,content,,http://hcmfosted.vn/wp-content/uploads/2022/10/4.-M%E1%BA%ABu-A4-BCSPUD-B%C3%A1o-c%C3%A1o-s%E1%BA%A3n-ph%E1%BA%A9m-khoa-h%E1%BB%8Dc-v%C3%A0-c%C3%B4ng-ngh%E1%BB%87-%C4%91%C3%A3-%C4%91%C6%B0%E1%BB%A3c-chuy%E1%BB%83n-giao-%E1%BB%A9ng-d%E1%BB%A5ng-v%C3%A0o-th%E1%BB%B1c-t%E1%BA%BF..doc,,False
5077,"Luật Khoa học, Công nghệ và Đổi mới sáng tạo 2025",featured,5078,https://abi.com.vn/wp-content/uploads/2025/08/image-11.png,2025/08/image-11.png,True
5077,"Luật Khoa học, Công nghệ và Đổi mới sáng tạo 2025",content,5078,https://abi.com.vn/wp-content/uploads/2025/08/image-11.png,2025/08/image-11.png,True
5077,"Luật Khoa học, Công nghệ và Đổi mới sáng tạo 2025",content,5079,https://abi.com.vn/wp-content/uploads/2025/08/93qh.signed.pdf,,True
